=== Debug Log Started: 2025-11-05 10:00:59 ===
2025-11-05 10:00:59 - INFO - GUI created, starting mainloop...
2025-11-05 10:01:13 - DEBUG - Detected EHX format: legacy
2025-11-05 10:01:13 - DEBUG - Calculated squaring for panel 008f446a-8756-4896-bbbd-2fcdbedb9794: 187.768 inches -> 15'-7-3/4"
2025-11-05 10:01:13 - DEBUG - Panel 008f446a-8756-4896-bbbd-2fcdbedb9794 has 44 elevation views
2025-11-05 10:01:13 - DEBUG - Elevation 0: min_y=0.0, max_y=1.5, height=1.5, points=4
2025-11-05 10:01:13 - DEBUG - Elevation 1: min_y=1.5, max_y=3.0, height=1.5, points=4
2025-11-05 10:01:13 - DEBUG - Elevation 2: min_y=99.75, max_y=101.25, height=1.5, points=4
2025-11-05 10:01:13 - DEBUG - Elevation 3: min_y=3.0, max_y=99.75, height=96.75, points=4
2025-11-05 10:01:13 - DEBUG - Elevation 4: min_y=3.0, max_y=99.75, height=96.75, points=4
2025-11-05 10:01:13 - DEBUG - Elevation 5: min_y=3.0, max_y=99.75, height=96.75, points=4
2025-11-05 10:01:13 - DEBUG - Elevation 6: min_y=101.25, max_y=102.75, height=1.5, points=4
2025-11-05 10:01:13 - DEBUG - Elevation 7: min_y=3.0, max_y=99.75, height=96.75, points=4
2025-11-05 10:01:13 - DEBUG - Elevation 8: min_y=3.0, max_y=99.75, height=96.75, points=4
2025-11-05 10:01:13 - DEBUG - Elevation 9: min_y=3.0, max_y=99.75, height=96.75, points=4
2025-11-05 10:01:13 - DEBUG - Elevation 10: min_y=3.0, max_y=99.75, height=96.75, points=4
2025-11-05 10:01:13 - DEBUG - Elevation 11: min_y=3.0, max_y=99.75, height=96.75, points=4
2025-11-05 10:01:13 - DEBUG - Elevation 12: min_y=1.5, max_y=101.625, height=100.125, points=4
2025-11-05 10:01:13 - DEBUG - Elevation 13: min_y=1.5, max_y=101.625, height=100.125, points=4
2025-11-05 10:01:13 - DEBUG - Elevation 14: min_y=1.5, max_y=101.625, height=100.125, points=4
2025-11-05 10:01:13 - DEBUG - Elevation 15: min_y=1.5, max_y=27.0, height=25.5, points=4
2025-11-05 10:01:13 - DEBUG - Elevation 16: min_y=84.0, max_y=101.625, height=17.625, points=4
2025-11-05 10:01:13 - DEBUG - Elevation 17: min_y=3.0, max_y=99.75, height=96.75, points=4
2025-11-05 10:01:13 - DEBUG - Elevation 18: min_y=3.0, max_y=99.75, height=96.75, points=4
2025-11-05 10:01:13 - DEBUG - Elevation 19: min_y=3.0, max_y=99.75, height=96.75, points=4
2025-11-05 10:01:13 - DEBUG - Elevation 20: min_y=3.0, max_y=90.25, height=87.25, points=4
2025-11-05 10:01:13 - DEBUG - Elevation 21: min_y=90.25, max_y=99.75, height=9.5, points=4
2025-11-05 10:01:13 - DEBUG - Elevation 22: min_y=90.25, max_y=99.75, height=9.5, points=4
2025-11-05 10:01:13 - DEBUG - Elevation 23: min_y=90.25, max_y=99.75, height=9.5, points=4
2025-11-05 10:01:13 - DEBUG - Elevation 24: min_y=3.0, max_y=90.25, height=87.25, points=4
2025-11-05 10:01:13 - DEBUG - Elevation 25: min_y=3.0, max_y=90.25, height=87.25, points=4
2025-11-05 10:01:13 - DEBUG - Elevation 26: min_y=3.0, max_y=90.25, height=87.25, points=4
2025-11-05 10:01:13 - DEBUG - Elevation 27: min_y=3.0, max_y=25.5, height=22.5, points=4
2025-11-05 10:01:13 - DEBUG - Elevation 28: min_y=25.5, max_y=27.0, height=1.5, points=4
2025-11-05 10:01:13 - DEBUG - Elevation 29: min_y=27.0, max_y=84.0, height=57.0, points=4
2025-11-05 10:01:13 - DEBUG - Elevation 30: min_y=84.0, max_y=85.5, height=1.5, points=4
2025-11-05 10:01:13 - DEBUG - Elevation 31: min_y=85.5, max_y=90.25, height=4.75, points=4
2025-11-05 10:01:13 - DEBUG - Elevation 32: min_y=3.0, max_y=25.5, height=22.5, points=4
2025-11-05 10:01:13 - DEBUG - Elevation 33: min_y=85.5, max_y=90.25, height=4.75, points=4
2025-11-05 10:01:13 - DEBUG - Elevation 34: min_y=3.0, max_y=25.5, height=22.5, points=4
2025-11-05 10:01:13 - DEBUG - Elevation 35: min_y=85.5, max_y=90.25, height=4.75, points=4
2025-11-05 10:01:13 - DEBUG - Elevation 36: min_y=3.0, max_y=25.5, height=22.5, points=4
2025-11-05 10:01:13 - DEBUG - Elevation 37: min_y=85.5, max_y=90.25, height=4.75, points=4
2025-11-05 10:01:13 - DEBUG - Elevation 38: min_y=3.0, max_y=90.25, height=87.25, points=4
2025-11-05 10:01:13 - DEBUG - Elevation 39: min_y=3.0, max_y=90.25, height=87.25, points=4
2025-11-05 10:01:13 - DEBUG - Elevation 40: min_y=3.0, max_y=90.25, height=87.25, points=4
2025-11-05 10:01:13 - DEBUG - Elevation 41: min_y=3.0, max_y=90.25, height=87.25, points=4
2025-11-05 10:01:13 - DEBUG - Elevation 42: min_y=3.0, max_y=99.75, height=96.75, points=4
2025-11-05 10:01:13 - DEBUG - Elevation 43: min_y=101.25, max_y=102.75, height=1.5, points=4
2025-11-05 10:01:14 - DEBUG - Calculated squaring for panel 85771332-815b-4745-91f7-40c2f68a41bb: 163.205 inches -> 13'-7-1/4"
2025-11-05 10:01:14 - DEBUG - Panel 85771332-815b-4745-91f7-40c2f68a41bb has 30 elevation views
2025-11-05 10:01:14 - DEBUG - Elevation 0: min_y=0.0, max_y=0.0, height=0.0, points=4
2025-11-05 10:01:14 - DEBUG - Elevation 1: min_y=0.0, max_y=0.0, height=0.0, points=4
2025-11-05 10:01:14 - DEBUG - Elevation 2: min_y=0.0, max_y=0.0, height=0.0, points=4
2025-11-05 10:01:14 - DEBUG - Elevation 3: min_y=0.0, max_y=1.5, height=1.5, points=4
2025-11-05 10:01:14 - DEBUG - Elevation 4: min_y=1.5, max_y=3.0, height=1.5, points=4
2025-11-05 10:01:14 - DEBUG - Elevation 5: min_y=3.0, max_y=99.75, height=96.75, points=4
2025-11-05 10:01:14 - DEBUG - Elevation 6: min_y=99.75, max_y=101.25, height=1.5, points=4
2025-11-05 10:01:14 - DEBUG - Elevation 7: min_y=3.0, max_y=99.75, height=96.75, points=4
2025-11-05 10:01:14 - DEBUG - Elevation 8: min_y=101.25, max_y=102.75, height=1.5, points=4
2025-11-05 10:01:14 - DEBUG - Elevation 9: min_y=3.0, max_y=99.75, height=96.75, points=4
2025-11-05 10:01:14 - DEBUG - Elevation 10: min_y=3.0, max_y=99.75, height=96.75, points=4
2025-11-05 10:01:14 - DEBUG - Elevation 11: min_y=3.0, max_y=99.75, height=96.75, points=4
2025-11-05 10:01:14 - DEBUG - Elevation 12: min_y=3.0, max_y=99.75, height=96.75, points=4
2025-11-05 10:01:14 - DEBUG - Elevation 13: min_y=0.0, max_y=101.25, height=101.25, points=4
2025-11-05 10:01:14 - DEBUG - Elevation 14: min_y=3.0, max_y=99.75, height=96.75, points=4
2025-11-05 10:01:14 - DEBUG - Elevation 15: min_y=3.0, max_y=99.75, height=96.75, points=4
2025-11-05 10:01:14 - DEBUG - Elevation 16: min_y=3.0, max_y=99.75, height=96.75, points=4
2025-11-05 10:01:14 - DEBUG - Elevation 17: min_y=3.0, max_y=99.75, height=96.75, points=4
2025-11-05 10:01:14 - DEBUG - Elevation 18: min_y=3.0, max_y=99.75, height=96.75, points=4
2025-11-05 10:01:14 - DEBUG - Elevation 19: min_y=3.0, max_y=99.75, height=96.75, points=4
2025-11-05 10:01:14 - DEBUG - Elevation 20: min_y=3.0, max_y=99.75, height=96.75, points=4
2025-11-05 10:01:14 - DEBUG - Elevation 21: min_y=3.0, max_y=99.75, height=96.75, points=4
2025-11-05 10:01:14 - DEBUG - Elevation 22: min_y=27.0, max_y=32.5, height=5.5, points=4
2025-11-05 10:01:14 - DEBUG - Elevation 23: min_y=51.0, max_y=56.5, height=5.5, points=4
2025-11-05 10:01:14 - DEBUG - Elevation 24: min_y=75.0, max_y=80.5, height=5.5, points=4
2025-11-05 10:01:14 - DEBUG - Elevation 25: min_y=3.0, max_y=99.75, height=96.75, points=4
2025-11-05 10:01:14 - DEBUG - Elevation 26: min_y=3.0, max_y=99.75, height=96.75, points=4
2025-11-05 10:01:14 - DEBUG - Elevation 27: min_y=3.0, max_y=99.75, height=96.75, points=4
2025-11-05 10:01:14 - DEBUG - Elevation 28: min_y=3.0, max_y=99.75, height=96.75, points=4
2025-11-05 10:01:14 - DEBUG - Elevation 29: min_y=3.0, max_y=99.75, height=96.75, points=4
2025-11-05 10:01:14 - DEBUG - Calculated squaring for panel 0ac11833-de38-4bcf-a4b9-355d32dd1a2d: 161.148 inches -> 13'-5-1/8"
2025-11-05 10:01:14 - DEBUG - Panel 0ac11833-de38-4bcf-a4b9-355d32dd1a2d has 45 elevation views
2025-11-05 10:01:14 - DEBUG - Elevation 0: min_y=0.0, max_y=0.0, height=0.0, points=4
2025-11-05 10:01:14 - DEBUG - Elevation 1: min_y=-0.222, max_y=102.972, height=103.19399999999999, points=4
2025-11-05 10:01:14 - DEBUG - Elevation 2: min_y=0.0, max_y=1.5, height=1.5, points=4
2025-11-05 10:01:14 - DEBUG - Elevation 3: min_y=1.5, max_y=3.0, height=1.5, points=4
2025-11-05 10:01:14 - DEBUG - Elevation 4: min_y=99.75, max_y=101.25, height=1.5, points=4
2025-11-05 10:01:14 - DEBUG - Elevation 5: min_y=101.25, max_y=102.75, height=1.5, points=4
2025-11-05 10:01:14 - DEBUG - Elevation 6: min_y=3.0, max_y=99.75, height=96.75, points=4
2025-11-05 10:01:14 - DEBUG - Elevation 7: min_y=3.0, max_y=99.75, height=96.75, points=4
2025-11-05 10:01:14 - DEBUG - Elevation 8: min_y=1.5, max_y=101.625, height=100.125, points=4
2025-11-05 10:01:14 - DEBUG - Elevation 9: min_y=1.5, max_y=27.0, height=25.5, points=4
2025-11-05 10:01:14 - DEBUG - Elevation 10: min_y=84.0, max_y=101.625, height=17.625, points=4
2025-11-05 10:01:14 - DEBUG - Elevation 11: min_y=1.5, max_y=101.625, height=100.125, points=4
2025-11-05 10:01:14 - DEBUG - Elevation 12: min_y=0.0, max_y=102.75, height=102.75, points=4
2025-11-05 10:01:14 - DEBUG - Elevation 13: min_y=3.0, max_y=99.75, height=96.75, points=4
2025-11-05 10:01:14 - DEBUG - Elevation 14: min_y=3.0, max_y=99.75, height=96.75, points=4
2025-11-05 10:01:14 - DEBUG - Elevation 15: min_y=3.0, max_y=99.75, height=96.75, points=4
2025-11-05 10:01:14 - DEBUG - Elevation 16: min_y=3.0, max_y=90.25, height=87.25, points=4
2025-11-05 10:01:14 - DEBUG - Elevation 17: min_y=90.25, max_y=99.75, height=9.5, points=4
2025-11-05 10:01:14 - DEBUG - Elevation 18: min_y=90.25, max_y=99.75, height=9.5, points=4
2025-11-05 10:01:14 - DEBUG - Elevation 19: min_y=90.25, max_y=99.75, height=9.5, points=4
2025-11-05 10:01:14 - DEBUG - Elevation 20: min_y=3.0, max_y=90.25, height=87.25, points=4
2025-11-05 10:01:14 - DEBUG - Elevation 21: min_y=3.0, max_y=90.25, height=87.25, points=4
2025-11-05 10:01:14 - DEBUG - Elevation 22: min_y=3.0, max_y=90.25, height=87.25, points=4
2025-11-05 10:01:14 - DEBUG - Elevation 23: min_y=3.0, max_y=25.5, height=22.5, points=4
2025-11-05 10:01:14 - DEBUG - Elevation 24: min_y=25.5, max_y=27.0, height=1.5, points=4
2025-11-05 10:01:14 - DEBUG - Elevation 25: min_y=27.0, max_y=84.0, height=57.0, points=4
2025-11-05 10:01:14 - DEBUG - Elevation 26: min_y=84.0, max_y=85.5, height=1.5, points=4
2025-11-05 10:01:14 - DEBUG - Elevation 27: min_y=85.5, max_y=90.25, height=4.75, points=4
2025-11-05 10:01:14 - DEBUG - Elevation 28: min_y=3.0, max_y=25.5, height=22.5, points=4
2025-11-05 10:01:14 - DEBUG - Elevation 29: min_y=85.5, max_y=90.25, height=4.75, points=4
2025-11-05 10:01:14 - DEBUG - Elevation 30: min_y=3.0, max_y=25.5, height=22.5, points=4
2025-11-05 10:01:14 - DEBUG - Elevation 31: min_y=85.5, max_y=90.25, height=4.75, points=4
2025-11-05 10:01:14 - DEBUG - Elevation 32: min_y=3.0, max_y=25.5, height=22.5, points=4
2025-11-05 10:01:14 - DEBUG - Elevation 33: min_y=85.5, max_y=90.25, height=4.75, points=4
2025-11-05 10:01:14 - DEBUG - Elevation 34: min_y=3.0, max_y=25.5, height=22.5, points=4
2025-11-05 10:01:14 - DEBUG - Elevation 35: min_y=85.5, max_y=90.25, height=4.75, points=4
2025-11-05 10:01:14 - DEBUG - Elevation 36: min_y=3.0, max_y=90.25, height=87.25, points=4
2025-11-05 10:01:14 - DEBUG - Elevation 37: min_y=3.0, max_y=90.25, height=87.25, points=4
2025-11-05 10:01:14 - DEBUG - Elevation 38: min_y=3.0, max_y=90.25, height=87.25, points=4
2025-11-05 10:01:14 - DEBUG - Elevation 39: min_y=3.0, max_y=90.25, height=87.25, points=4
2025-11-05 10:01:14 - DEBUG - Elevation 40: min_y=3.0, max_y=99.75, height=96.75, points=4
2025-11-05 10:01:14 - DEBUG - Elevation 41: min_y=3.0, max_y=99.75, height=96.75, points=4
2025-11-05 10:01:14 - DEBUG - Elevation 42: min_y=3.0, max_y=99.75, height=96.75, points=4
2025-11-05 10:01:14 - DEBUG - Elevation 43: min_y=3.0, max_y=99.75, height=96.75, points=4
2025-11-05 10:01:14 - DEBUG - Elevation 44: min_y=101.25, max_y=102.75, height=1.5, points=4
2025-11-05 10:01:14 - DEBUG - Calculated squaring for panel cc33fc3c-29d5-4132-b31c-8bf17ac4755b: 150.982 inches -> 12'-7"
2025-11-05 10:01:14 - DEBUG - Panel cc33fc3c-29d5-4132-b31c-8bf17ac4755b has 49 elevation views
2025-11-05 10:01:14 - DEBUG - Elevation 0: min_y=101.25, max_y=102.75, height=1.5, points=4
2025-11-05 10:01:14 - DEBUG - Elevation 1: min_y=0.0, max_y=1.5, height=1.5, points=4
2025-11-05 10:01:14 - DEBUG - Elevation 2: min_y=1.5, max_y=3.0, height=1.5, points=4
2025-11-05 10:01:14 - DEBUG - Elevation 3: min_y=99.75, max_y=101.25, height=1.5, points=4
2025-11-05 10:01:14 - DEBUG - Elevation 4: min_y=3.0, max_y=99.75, height=96.75, points=4
2025-11-05 10:01:14 - DEBUG - Elevation 5: min_y=1.5, max_y=101.625, height=100.125, points=4
2025-11-05 10:01:14 - DEBUG - Elevation 6: min_y=1.5, max_y=27.0, height=25.5, points=4
2025-11-05 10:01:14 - DEBUG - Elevation 7: min_y=84.0, max_y=101.625, height=17.625, points=4
2025-11-05 10:01:14 - DEBUG - Elevation 8: min_y=1.5, max_y=101.625, height=100.125, points=4
2025-11-05 10:01:14 - DEBUG - Elevation 9: min_y=1.5, max_y=27.0, height=25.5, points=4
2025-11-05 10:01:14 - DEBUG - Elevation 10: min_y=84.0, max_y=101.625, height=17.625, points=4
2025-11-05 10:01:14 - DEBUG - Elevation 11: min_y=1.5, max_y=101.625, height=100.125, points=4
2025-11-05 10:01:14 - DEBUG - Elevation 12: min_y=3.0, max_y=99.75, height=96.75, points=4
2025-11-05 10:01:14 - DEBUG - Elevation 13: min_y=3.0, max_y=99.75, height=96.75, points=4
2025-11-05 10:01:14 - DEBUG - Elevation 14: min_y=3.0, max_y=85.5, height=82.5, points=4
2025-11-05 10:01:14 - DEBUG - Elevation 15: min_y=3.0, max_y=85.5, height=82.5, points=4
2025-11-05 10:01:14 - DEBUG - Elevation 16: min_y=3.0, max_y=85.5, height=82.5, points=4
2025-11-05 10:01:14 - DEBUG - Elevation 17: min_y=3.0, max_y=25.5, height=22.5, points=4
2025-11-05 10:01:14 - DEBUG - Elevation 18: min_y=25.5, max_y=27.0, height=1.5, points=4
2025-11-05 10:01:14 - DEBUG - Elevation 19: min_y=27.0, max_y=84.0, height=57.0, points=4
2025-11-05 10:01:14 - DEBUG - Elevation 20: min_y=3.0, max_y=25.5, height=22.5, points=4
2025-11-05 10:01:14 - DEBUG - Elevation 21: min_y=3.0, max_y=25.5, height=22.5, points=4
2025-11-05 10:01:14 - DEBUG - Elevation 22: min_y=3.0, max_y=84.0, height=81.0, points=4
2025-11-05 10:01:14 - DEBUG - Elevation 23: min_y=3.0, max_y=84.0, height=81.0, points=4
2025-11-05 10:01:14 - DEBUG - Elevation 24: min_y=85.5, max_y=94.75, height=9.25, points=4
2025-11-05 10:01:14 - DEBUG - Elevation 25: min_y=85.5, max_y=94.75, height=9.25, points=4
2025-11-05 10:01:14 - DEBUG - Elevation 26: min_y=94.75, max_y=99.75, height=5.0, points=4
2025-11-05 10:01:14 - DEBUG - Elevation 27: min_y=94.75, max_y=99.75, height=5.0, points=4
2025-11-05 10:01:14 - DEBUG - Elevation 28: min_y=84.0, max_y=85.5, height=1.5, points=4
2025-11-05 10:01:14 - DEBUG - Elevation 29: min_y=94.75, max_y=99.75, height=5.0, points=4
2025-11-05 10:01:14 - DEBUG - Elevation 30: min_y=94.75, max_y=99.75, height=5.0, points=4
2025-11-05 10:01:14 - DEBUG - Elevation 31: min_y=3.0, max_y=84.0, height=81.0, points=4
2025-11-05 10:01:14 - DEBUG - Elevation 32: min_y=3.0, max_y=84.0, height=81.0, points=4
2025-11-05 10:01:14 - DEBUG - Elevation 33: min_y=94.75, max_y=99.75, height=5.0, points=4
2025-11-05 10:01:14 - DEBUG - Elevation 34: min_y=3.0, max_y=25.5, height=22.5, points=4
2025-11-05 10:01:14 - DEBUG - Elevation 35: min_y=25.5, max_y=27.0, height=1.5, points=4
2025-11-05 10:01:14 - DEBUG - Elevation 36: min_y=27.0, max_y=84.0, height=57.0, points=4
2025-11-05 10:01:14 - DEBUG - Elevation 37: min_y=3.0, max_y=25.5, height=22.5, points=4
2025-11-05 10:01:14 - DEBUG - Elevation 38: min_y=94.75, max_y=99.75, height=5.0, points=4
2025-11-05 10:01:14 - DEBUG - Elevation 39: min_y=3.0, max_y=25.5, height=22.5, points=4
2025-11-05 10:01:14 - DEBUG - Elevation 40: min_y=3.0, max_y=85.5, height=82.5, points=4
2025-11-05 10:01:14 - DEBUG - Elevation 41: min_y=94.75, max_y=99.75, height=5.0, points=4
2025-11-05 10:01:14 - DEBUG - Elevation 42: min_y=3.0, max_y=85.5, height=82.5, points=4
2025-11-05 10:01:14 - DEBUG - Elevation 43: min_y=3.0, max_y=85.5, height=82.5, points=4
2025-11-05 10:01:14 - DEBUG - Elevation 44: min_y=94.75, max_y=99.75, height=5.0, points=4
2025-11-05 10:01:14 - DEBUG - Elevation 45: min_y=3.0, max_y=99.75, height=96.75, points=4
2025-11-05 10:01:14 - DEBUG - Elevation 46: min_y=3.0, max_y=99.75, height=96.75, points=4
2025-11-05 10:01:14 - DEBUG - Elevation 47: min_y=3.0, max_y=99.75, height=96.75, points=4
2025-11-05 10:01:14 - DEBUG - Elevation 48: min_y=0.0, max_y=102.75, height=102.75, points=4
2025-11-05 10:01:15 - DEBUG - Calculated squaring for panel c368584e-b19e-42a5-875b-9ec95919c4ac: 114.052 inches -> 9'-6"
2025-11-05 10:01:15 - DEBUG - Panel c368584e-b19e-42a5-875b-9ec95919c4ac has 29 elevation views
2025-11-05 10:01:15 - DEBUG - Elevation 0: min_y=0.0, max_y=0.0, height=0.0, points=4
2025-11-05 10:01:15 - DEBUG - Elevation 1: min_y=101.25, max_y=102.75, height=1.5, points=4
2025-11-05 10:01:15 - DEBUG - Elevation 2: min_y=0.0, max_y=1.5, height=1.5, points=4
2025-11-05 10:01:15 - DEBUG - Elevation 3: min_y=1.5, max_y=3.0, height=1.5, points=4
2025-11-05 10:01:15 - DEBUG - Elevation 4: min_y=3.0, max_y=99.75, height=96.75, points=4
2025-11-05 10:01:15 - DEBUG - Elevation 5: min_y=99.75, max_y=101.25, height=1.5, points=4
2025-11-05 10:01:15 - DEBUG - Elevation 6: min_y=3.0, max_y=99.75, height=96.75, points=4
2025-11-05 10:01:15 - DEBUG - Elevation 7: min_y=1.5, max_y=101.625, height=100.125, points=4
2025-11-05 10:01:15 - DEBUG - Elevation 8: min_y=1.5, max_y=27.0, height=25.5, points=4
2025-11-05 10:01:15 - DEBUG - Elevation 9: min_y=84.0, max_y=101.625, height=17.625, points=4
2025-11-05 10:01:15 - DEBUG - Elevation 10: min_y=1.5, max_y=101.625, height=100.125, points=4
2025-11-05 10:01:15 - DEBUG - Elevation 11: min_y=3.0, max_y=99.75, height=96.75, points=4
2025-11-05 10:01:15 - DEBUG - Elevation 12: min_y=3.0, max_y=85.5, height=82.5, points=4
2025-11-05 10:01:15 - DEBUG - Elevation 13: min_y=85.5, max_y=91.0, height=5.5, points=4
2025-11-05 10:01:15 - DEBUG - Elevation 14: min_y=85.5, max_y=91.0, height=5.5, points=4
2025-11-05 10:01:15 - DEBUG - Elevation 15: min_y=85.5, max_y=91.0, height=5.5, points=4
2025-11-05 10:01:15 - DEBUG - Elevation 16: min_y=91.0, max_y=99.75, height=8.75, points=4
2025-11-05 10:01:15 - DEBUG - Elevation 17: min_y=3.0, max_y=25.5, height=22.5, points=4
2025-11-05 10:01:15 - DEBUG - Elevation 18: min_y=25.5, max_y=27.0, height=1.5, points=4
2025-11-05 10:01:15 - DEBUG - Elevation 19: min_y=27.0, max_y=84.0, height=57.0, points=4
2025-11-05 10:01:15 - DEBUG - Elevation 20: min_y=84.0, max_y=85.5, height=1.5, points=4
2025-11-05 10:01:15 - DEBUG - Elevation 21: min_y=3.0, max_y=25.5, height=22.5, points=4
2025-11-05 10:01:15 - DEBUG - Elevation 22: min_y=91.0, max_y=99.75, height=8.75, points=4
2025-11-05 10:01:15 - DEBUG - Elevation 23: min_y=3.0, max_y=25.5, height=22.5, points=4
2025-11-05 10:01:15 - DEBUG - Elevation 24: min_y=91.0, max_y=99.75, height=8.75, points=4
2025-11-05 10:01:15 - DEBUG - Elevation 25: min_y=3.0, max_y=25.5, height=22.5, points=4
2025-11-05 10:01:15 - DEBUG - Elevation 26: min_y=91.0, max_y=99.75, height=8.75, points=4
2025-11-05 10:01:15 - DEBUG - Elevation 27: min_y=3.0, max_y=85.5, height=82.5, points=4
2025-11-05 10:01:15 - DEBUG - Elevation 28: min_y=3.0, max_y=99.75, height=96.75, points=4
2025-11-05 10:01:15 - DEBUG - Calculated squaring for panel a5644509-a70c-4086-8aae-be899ed690e3: 102.751 inches -> 8'-6-3/4"
2025-11-05 10:01:15 - DEBUG - Panel a5644509-a70c-4086-8aae-be899ed690e3 has 17 elevation views
2025-11-05 10:01:15 - DEBUG - Elevation 0: min_y=0.0, max_y=0.0, height=0.0, points=4
2025-11-05 10:01:15 - DEBUG - Elevation 1: min_y=0.0, max_y=0.0, height=0.0, points=4
2025-11-05 10:01:15 - DEBUG - Elevation 2: min_y=0.0, max_y=1.5, height=1.5, points=4
2025-11-05 10:01:15 - DEBUG - Elevation 3: min_y=1.5, max_y=3.0, height=1.5, points=4
2025-11-05 10:01:15 - DEBUG - Elevation 4: min_y=99.75, max_y=101.25, height=1.5, points=4
2025-11-05 10:01:15 - DEBUG - Elevation 5: min_y=101.25, max_y=102.75, height=1.5, points=4
2025-11-05 10:01:15 - DEBUG - Elevation 6: min_y=0.0, max_y=101.25, height=101.25, points=4
2025-11-05 10:01:15 - DEBUG - Elevation 7: min_y=1.5, max_y=101.625, height=100.125, points=4
2025-11-05 10:01:15 - DEBUG - Elevation 8: min_y=3.0, max_y=99.75, height=96.75, points=4
2025-11-05 10:01:15 - DEBUG - Elevation 9: min_y=3.0, max_y=99.75, height=96.75, points=4
2025-11-05 10:01:15 - DEBUG - Elevation 10: min_y=3.0, max_y=99.75, height=96.75, points=4
2025-11-05 10:01:15 - DEBUG - Elevation 11: min_y=3.0, max_y=99.75, height=96.75, points=4
2025-11-05 10:01:15 - DEBUG - Elevation 12: min_y=3.0, max_y=99.75, height=96.75, points=4
2025-11-05 10:01:15 - DEBUG - Elevation 13: min_y=3.0, max_y=99.75, height=96.75, points=4
2025-11-05 10:01:15 - DEBUG - Elevation 14: min_y=3.0, max_y=99.75, height=96.75, points=4
2025-11-05 10:01:15 - DEBUG - Elevation 15: min_y=3.0, max_y=99.75, height=96.75, points=4
2025-11-05 10:01:15 - DEBUG - Elevation 16: min_y=3.0, max_y=99.75, height=96.75, points=4
2025-11-05 10:01:15 - DEBUG - Calculated squaring for panel 89371fc3-27e8-4ea7-b15d-583e7e0de58b: 185.977 inches -> 15'-6"
2025-11-05 10:01:15 - DEBUG - Panel 89371fc3-27e8-4ea7-b15d-583e7e0de58b has 40 elevation views
2025-11-05 10:01:15 - DEBUG - Elevation 0: min_y=0.0, max_y=0.0, height=0.0, points=4
2025-11-05 10:01:15 - DEBUG - Elevation 1: min_y=0.0, max_y=0.0, height=0.0, points=4
2025-11-05 10:01:15 - DEBUG - Elevation 2: min_y=0.0, max_y=1.5, height=1.5, points=4
2025-11-05 10:01:15 - DEBUG - Elevation 3: min_y=1.5, max_y=3.0, height=1.5, points=4
2025-11-05 10:01:15 - DEBUG - Elevation 4: min_y=3.0, max_y=99.75, height=96.75, points=4
2025-11-05 10:01:15 - DEBUG - Elevation 5: min_y=99.75, max_y=101.25, height=1.5, points=4
2025-11-05 10:01:15 - DEBUG - Elevation 6: min_y=3.0, max_y=99.75, height=96.75, points=4
2025-11-05 10:01:15 - DEBUG - Elevation 7: min_y=3.0, max_y=99.75, height=96.75, points=4
2025-11-05 10:01:15 - DEBUG - Elevation 8: min_y=101.25, max_y=102.75, height=1.5, points=4
2025-11-05 10:01:15 - DEBUG - Elevation 9: min_y=3.0, max_y=99.75, height=96.75, points=4
2025-11-05 10:01:15 - DEBUG - Elevation 10: min_y=3.0, max_y=99.75, height=96.75, points=4
2025-11-05 10:01:15 - DEBUG - Elevation 11: min_y=3.0, max_y=99.75, height=96.75, points=4
2025-11-05 10:01:15 - DEBUG - Elevation 12: min_y=3.0, max_y=99.75, height=96.75, points=4
2025-11-05 10:01:15 - DEBUG - Elevation 13: min_y=3.0, max_y=99.75, height=96.75, points=4
2025-11-05 10:01:15 - DEBUG - Elevation 14: min_y=3.0, max_y=99.75, height=96.75, points=4
2025-11-05 10:01:15 - DEBUG - Elevation 15: min_y=45.375, max_y=57.375, height=12.0, points=4
2025-11-05 10:01:15 - DEBUG - Elevation 16: min_y=45.375, max_y=57.375, height=12.0, points=4
2025-11-05 10:01:15 - DEBUG - Elevation 17: min_y=3.0, max_y=99.75, height=96.75, points=4
2025-11-05 10:01:15 - DEBUG - Elevation 18: min_y=3.0, max_y=99.75, height=96.75, points=4
2025-11-05 10:01:15 - DEBUG - Elevation 19: min_y=27.0, max_y=30.5, height=3.5, points=4
2025-11-05 10:01:15 - DEBUG - Elevation 20: min_y=51.0, max_y=54.5, height=3.5, points=4
2025-11-05 10:01:15 - DEBUG - Elevation 21: min_y=75.0, max_y=78.5, height=3.5, points=4
2025-11-05 10:01:15 - DEBUG - Elevation 22: min_y=3.0, max_y=99.75, height=96.75, points=4
2025-11-05 10:01:15 - DEBUG - Elevation 23: min_y=3.0, max_y=99.75, height=96.75, points=4
2025-11-05 10:01:15 - DEBUG - Elevation 24: min_y=3.0, max_y=99.75, height=96.75, points=4
2025-11-05 10:01:15 - DEBUG - Elevation 25: min_y=27.0, max_y=30.5, height=3.5, points=4
2025-11-05 10:01:15 - DEBUG - Elevation 26: min_y=51.0, max_y=54.5, height=3.5, points=4
2025-11-05 10:01:15 - DEBUG - Elevation 27: min_y=75.0, max_y=78.5, height=3.5, points=4
2025-11-05 10:01:15 - DEBUG - Elevation 28: min_y=3.0, max_y=99.75, height=96.75, points=4
2025-11-05 10:01:15 - DEBUG - Elevation 29: min_y=3.0, max_y=99.75, height=96.75, points=4
2025-11-05 10:01:15 - DEBUG - Elevation 30: min_y=3.0, max_y=99.75, height=96.75, points=4
2025-11-05 10:01:15 - DEBUG - Elevation 31: min_y=3.0, max_y=99.75, height=96.75, points=4
2025-11-05 10:01:15 - DEBUG - Elevation 32: min_y=3.0, max_y=99.75, height=96.75, points=4
2025-11-05 10:01:15 - DEBUG - Elevation 33: min_y=3.0, max_y=99.75, height=96.75, points=4
2025-11-05 10:01:15 - DEBUG - Elevation 34: min_y=3.0, max_y=99.75, height=96.75, points=4
2025-11-05 10:01:15 - DEBUG - Elevation 35: min_y=3.0, max_y=99.75, height=96.75, points=4
2025-11-05 10:01:15 - DEBUG - Elevation 36: min_y=3.0, max_y=99.75, height=96.75, points=4
2025-11-05 10:01:15 - DEBUG - Elevation 37: min_y=3.0, max_y=99.75, height=96.75, points=4
2025-11-05 10:01:15 - DEBUG - Elevation 38: min_y=3.0, max_y=99.75, height=96.75, points=4
2025-11-05 10:01:15 - DEBUG - Elevation 39: min_y=101.25, max_y=102.75, height=1.5, points=4
2025-11-05 10:01:16 - DEBUG - Calculated squaring for panel d6bf2c0f-ea3e-4f54-a8da-ddb796a81d10: 173.181 inches -> 14'-5-1/4"
2025-11-05 10:01:16 - DEBUG - Panel d6bf2c0f-ea3e-4f54-a8da-ddb796a81d10 has 34 elevation views
2025-11-05 10:01:16 - DEBUG - Elevation 0: min_y=0.0, max_y=0.0, height=0.0, points=4
2025-11-05 10:01:16 - DEBUG - Elevation 1: min_y=0.0, max_y=0.0, height=0.0, points=4
2025-11-05 10:01:16 - DEBUG - Elevation 2: min_y=-0.363, max_y=103.113, height=103.476, points=4
2025-11-05 10:01:16 - DEBUG - Elevation 3: min_y=0.0, max_y=1.5, height=1.5, points=4
2025-11-05 10:01:16 - DEBUG - Elevation 4: min_y=1.5, max_y=3.0, height=1.5, points=4
2025-11-05 10:01:16 - DEBUG - Elevation 5: min_y=99.75, max_y=101.25, height=1.5, points=4
2025-11-05 10:01:16 - DEBUG - Elevation 6: min_y=101.25, max_y=102.75, height=1.5, points=4
2025-11-05 10:01:16 - DEBUG - Elevation 7: min_y=3.0, max_y=99.75, height=96.75, points=4
2025-11-05 10:01:16 - DEBUG - Elevation 8: min_y=3.0, max_y=99.75, height=96.75, points=4
2025-11-05 10:01:16 - DEBUG - Elevation 9: min_y=3.0, max_y=99.75, height=96.75, points=4
2025-11-05 10:01:16 - DEBUG - Elevation 10: min_y=3.0, max_y=99.75, height=96.75, points=4
2025-11-05 10:01:16 - DEBUG - Elevation 11: min_y=3.0, max_y=99.75, height=96.75, points=4
2025-11-05 10:01:16 - DEBUG - Elevation 12: min_y=3.0, max_y=99.75, height=96.75, points=4
2025-11-05 10:01:16 - DEBUG - Elevation 13: min_y=3.0, max_y=99.75, height=96.75, points=4
2025-11-05 10:01:16 - DEBUG - Elevation 14: min_y=3.0, max_y=99.75, height=96.75, points=4
2025-11-05 10:01:16 - DEBUG - Elevation 15: min_y=3.0, max_y=99.75, height=96.75, points=4
2025-11-05 10:01:16 - DEBUG - Elevation 16: min_y=3.0, max_y=99.75, height=96.75, points=4
2025-11-05 10:01:16 - DEBUG - Elevation 17: min_y=3.0, max_y=99.75, height=96.75, points=4
2025-11-05 10:01:16 - DEBUG - Elevation 18: min_y=45.375, max_y=57.375, height=12.0, points=4
2025-11-05 10:01:16 - DEBUG - Elevation 19: min_y=45.375, max_y=57.375, height=12.0, points=4
2025-11-05 10:01:16 - DEBUG - Elevation 20: min_y=3.0, max_y=99.75, height=96.75, points=4
2025-11-05 10:01:16 - DEBUG - Elevation 21: min_y=27.0, max_y=30.5, height=3.5, points=4
2025-11-05 10:01:16 - DEBUG - Elevation 22: min_y=51.0, max_y=54.5, height=3.5, points=4
2025-11-05 10:01:16 - DEBUG - Elevation 23: min_y=75.0, max_y=78.5, height=3.5, points=4
2025-11-05 10:01:16 - DEBUG - Elevation 24: min_y=3.0, max_y=99.75, height=96.75, points=4
2025-11-05 10:01:16 - DEBUG - Elevation 25: min_y=3.0, max_y=99.75, height=96.75, points=4
2025-11-05 10:01:16 - DEBUG - Elevation 26: min_y=3.0, max_y=99.75, height=96.75, points=4
2025-11-05 10:01:16 - DEBUG - Elevation 27: min_y=3.0, max_y=99.75, height=96.75, points=4
2025-11-05 10:01:16 - DEBUG - Elevation 28: min_y=3.0, max_y=99.75, height=96.75, points=4
2025-11-05 10:01:16 - DEBUG - Elevation 29: min_y=3.0, max_y=99.75, height=96.75, points=4
2025-11-05 10:01:16 - DEBUG - Elevation 30: min_y=3.0, max_y=99.75, height=96.75, points=4
2025-11-05 10:01:16 - DEBUG - Elevation 31: min_y=3.0, max_y=99.75, height=96.75, points=4
2025-11-05 10:01:16 - DEBUG - Elevation 32: min_y=3.0, max_y=99.75, height=96.75, points=4
2025-11-05 10:01:16 - DEBUG - Elevation 33: min_y=3.0, max_y=99.75, height=96.75, points=4
2025-11-05 10:01:16 - DEBUG - Calculated squaring for panel d64c6274-8276-44d2-91c1-385215409e0c: 161.640 inches -> 13'-5-5/8"
2025-11-05 10:01:16 - DEBUG - Panel d64c6274-8276-44d2-91c1-385215409e0c has 38 elevation views
2025-11-05 10:01:16 - DEBUG - Elevation 0: min_y=0.0, max_y=0.0, height=0.0, points=4
2025-11-05 10:01:16 - DEBUG - Elevation 1: min_y=-0.298, max_y=103.048, height=103.346, points=4
2025-11-05 10:01:16 - DEBUG - Elevation 2: min_y=0.0, max_y=1.5, height=1.5, points=4
2025-11-05 10:01:16 - DEBUG - Elevation 3: min_y=1.5, max_y=3.0, height=1.5, points=4
2025-11-05 10:01:16 - DEBUG - Elevation 4: min_y=99.75, max_y=101.25, height=1.5, points=4
2025-11-05 10:01:16 - DEBUG - Elevation 5: min_y=3.0, max_y=99.75, height=96.75, points=4
2025-11-05 10:01:16 - DEBUG - Elevation 6: min_y=101.25, max_y=102.75, height=1.5, points=4
2025-11-05 10:01:16 - DEBUG - Elevation 7: min_y=3.0, max_y=99.75, height=96.75, points=4
2025-11-05 10:01:16 - DEBUG - Elevation 8: min_y=3.0, max_y=99.75, height=96.75, points=4
2025-11-05 10:01:16 - DEBUG - Elevation 9: min_y=3.0, max_y=99.75, height=96.75, points=4
2025-11-05 10:01:16 - DEBUG - Elevation 10: min_y=3.0, max_y=99.75, height=96.75, points=4
2025-11-05 10:01:16 - DEBUG - Elevation 11: min_y=3.0, max_y=99.75, height=96.75, points=4
2025-11-05 10:01:16 - DEBUG - Elevation 12: min_y=3.0, max_y=99.75, height=96.75, points=4
2025-11-05 10:01:16 - DEBUG - Elevation 13: min_y=45.375, max_y=57.375, height=12.0, points=4
2025-11-05 10:01:16 - DEBUG - Elevation 14: min_y=45.375, max_y=57.375, height=12.0, points=4
2025-11-05 10:01:16 - DEBUG - Elevation 15: min_y=3.0, max_y=99.75, height=96.75, points=4
2025-11-05 10:01:16 - DEBUG - Elevation 16: min_y=3.0, max_y=99.75, height=96.75, points=4
2025-11-05 10:01:16 - DEBUG - Elevation 17: min_y=3.0, max_y=99.75, height=96.75, points=4
2025-11-05 10:01:16 - DEBUG - Elevation 18: min_y=3.0, max_y=99.75, height=96.75, points=4
2025-11-05 10:01:16 - DEBUG - Elevation 19: min_y=3.0, max_y=99.75, height=96.75, points=4
2025-11-05 10:01:16 - DEBUG - Elevation 20: min_y=3.0, max_y=99.75, height=96.75, points=4
2025-11-05 10:01:16 - DEBUG - Elevation 21: min_y=3.0, max_y=99.75, height=96.75, points=4
2025-11-05 10:01:16 - DEBUG - Elevation 22: min_y=3.0, max_y=99.75, height=96.75, points=4
2025-11-05 10:01:16 - DEBUG - Elevation 23: min_y=3.0, max_y=99.75, height=96.75, points=4
2025-11-05 10:01:16 - DEBUG - Elevation 24: min_y=3.0, max_y=99.75, height=96.75, points=4
2025-11-05 10:01:16 - DEBUG - Elevation 25: min_y=3.0, max_y=99.75, height=96.75, points=4
2025-11-05 10:01:16 - DEBUG - Elevation 26: min_y=3.0, max_y=99.75, height=96.75, points=4
2025-11-05 10:01:16 - DEBUG - Elevation 27: min_y=3.0, max_y=99.75, height=96.75, points=4
2025-11-05 10:01:16 - DEBUG - Elevation 28: min_y=3.0, max_y=99.75, height=96.75, points=4
2025-11-05 10:01:16 - DEBUG - Elevation 29: min_y=3.0, max_y=99.75, height=96.75, points=4
2025-11-05 10:01:16 - DEBUG - Elevation 30: min_y=3.0, max_y=99.75, height=96.75, points=4
2025-11-05 10:01:16 - DEBUG - Elevation 31: min_y=3.0, max_y=99.75, height=96.75, points=4
2025-11-05 10:01:16 - DEBUG - Elevation 32: min_y=3.0, max_y=99.75, height=96.75, points=4
2025-11-05 10:01:16 - DEBUG - Elevation 33: min_y=27.0, max_y=30.5, height=3.5, points=4
2025-11-05 10:01:16 - DEBUG - Elevation 34: min_y=51.0, max_y=54.5, height=3.5, points=4
2025-11-05 10:01:16 - DEBUG - Elevation 35: min_y=75.0, max_y=78.5, height=3.5, points=4
2025-11-05 10:01:16 - DEBUG - Elevation 36: min_y=3.0, max_y=99.75, height=96.75, points=4
2025-11-05 10:01:16 - DEBUG - Elevation 37: min_y=101.25, max_y=102.75, height=1.5, points=4
2025-11-05 10:01:17 - DEBUG - Calculated squaring for panel 8deeb41b-890b-4f31-b5b7-7e7774fdb99d: 138.214 inches -> 11'-6-1/4"
2025-11-05 10:01:17 - DEBUG - Panel 8deeb41b-890b-4f31-b5b7-7e7774fdb99d has 24 elevation views
2025-11-05 10:01:17 - DEBUG - Elevation 0: min_y=0.0, max_y=0.0, height=0.0, points=4
2025-11-05 10:01:17 - DEBUG - Elevation 1: min_y=-0.316, max_y=103.066, height=103.382, points=4
2025-11-05 10:01:17 - DEBUG - Elevation 2: min_y=0.0, max_y=1.5, height=1.5, points=4
2025-11-05 10:01:17 - DEBUG - Elevation 3: min_y=1.5, max_y=3.0, height=1.5, points=4
2025-11-05 10:01:17 - DEBUG - Elevation 4: min_y=3.0, max_y=99.75, height=96.75, points=4
2025-11-05 10:01:17 - DEBUG - Elevation 5: min_y=99.75, max_y=101.25, height=1.5, points=4
2025-11-05 10:01:17 - DEBUG - Elevation 6: min_y=3.0, max_y=99.75, height=96.75, points=4
2025-11-05 10:01:17 - DEBUG - Elevation 7: min_y=3.0, max_y=99.75, height=96.75, points=4
2025-11-05 10:01:17 - DEBUG - Elevation 8: min_y=101.25, max_y=102.75, height=1.5, points=4
2025-11-05 10:01:17 - DEBUG - Elevation 9: min_y=3.0, max_y=99.75, height=96.75, points=4
2025-11-05 10:01:17 - DEBUG - Elevation 10: min_y=3.0, max_y=99.75, height=96.75, points=4
2025-11-05 10:01:17 - DEBUG - Elevation 11: min_y=3.0, max_y=99.75, height=96.75, points=4
2025-11-05 10:01:17 - DEBUG - Elevation 12: min_y=3.0, max_y=99.75, height=96.75, points=4
2025-11-05 10:01:17 - DEBUG - Elevation 13: min_y=3.0, max_y=99.75, height=96.75, points=4
2025-11-05 10:01:17 - DEBUG - Elevation 14: min_y=45.375, max_y=57.375, height=12.0, points=4
2025-11-05 10:01:17 - DEBUG - Elevation 15: min_y=3.0, max_y=99.75, height=96.75, points=4
2025-11-05 10:01:17 - DEBUG - Elevation 16: min_y=3.0, max_y=99.75, height=96.75, points=4
2025-11-05 10:01:17 - DEBUG - Elevation 17: min_y=3.0, max_y=99.75, height=96.75, points=4
2025-11-05 10:01:17 - DEBUG - Elevation 18: min_y=3.0, max_y=99.75, height=96.75, points=4
2025-11-05 10:01:17 - DEBUG - Elevation 19: min_y=3.0, max_y=99.75, height=96.75, points=4
2025-11-05 10:01:17 - DEBUG - Elevation 20: min_y=3.0, max_y=99.75, height=96.75, points=4
2025-11-05 10:01:17 - DEBUG - Elevation 21: min_y=3.0, max_y=99.75, height=96.75, points=4
2025-11-05 10:01:17 - DEBUG - Elevation 22: min_y=3.0, max_y=99.75, height=96.75, points=4
2025-11-05 10:01:17 - DEBUG - Elevation 23: min_y=101.25, max_y=102.75, height=1.5, points=4
2025-11-05 10:01:17 - DEBUG - Calculated squaring for panel 959ff7cc-9d94-45a7-8fc8-24f9746fa6b4: 132.467 inches -> 11'-1/2"
2025-11-05 10:01:17 - DEBUG - Panel 959ff7cc-9d94-45a7-8fc8-24f9746fa6b4 has 25 elevation views
2025-11-05 10:01:17 - DEBUG - Elevation 0: min_y=0.0, max_y=0.0, height=0.0, points=4
2025-11-05 10:01:17 - DEBUG - Elevation 1: min_y=-0.301, max_y=103.051, height=103.352, points=4
2025-11-05 10:01:17 - DEBUG - Elevation 2: min_y=0.0, max_y=1.5, height=1.5, points=4
2025-11-05 10:01:17 - DEBUG - Elevation 3: min_y=1.5, max_y=3.0, height=1.5, points=4
2025-11-05 10:01:17 - DEBUG - Elevation 4: min_y=99.75, max_y=101.25, height=1.5, points=4
2025-11-05 10:01:17 - DEBUG - Elevation 5: min_y=101.25, max_y=102.75, height=1.5, points=4
2025-11-05 10:01:17 - DEBUG - Elevation 6: min_y=3.0, max_y=99.75, height=96.75, points=4
2025-11-05 10:01:17 - DEBUG - Elevation 7: min_y=3.0, max_y=99.75, height=96.75, points=4
2025-11-05 10:01:17 - DEBUG - Elevation 8: min_y=3.0, max_y=99.75, height=96.75, points=4
2025-11-05 10:01:17 - DEBUG - Elevation 9: min_y=3.0, max_y=99.75, height=96.75, points=4
2025-11-05 10:01:17 - DEBUG - Elevation 10: min_y=3.0, max_y=99.75, height=96.75, points=4
2025-11-05 10:01:17 - DEBUG - Elevation 11: min_y=3.0, max_y=99.75, height=96.75, points=4
2025-11-05 10:01:17 - DEBUG - Elevation 12: min_y=3.0, max_y=99.75, height=96.75, points=4
2025-11-05 10:01:17 - DEBUG - Elevation 13: min_y=3.0, max_y=99.75, height=96.75, points=4
2025-11-05 10:01:17 - DEBUG - Elevation 14: min_y=45.375, max_y=57.375, height=12.0, points=4
2025-11-05 10:01:17 - DEBUG - Elevation 15: min_y=3.0, max_y=99.75, height=96.75, points=4
2025-11-05 10:01:17 - DEBUG - Elevation 16: min_y=3.0, max_y=99.75, height=96.75, points=4
2025-11-05 10:01:17 - DEBUG - Elevation 17: min_y=3.0, max_y=99.75, height=96.75, points=4
2025-11-05 10:01:17 - DEBUG - Elevation 18: min_y=3.0, max_y=99.75, height=96.75, points=4
2025-11-05 10:01:17 - DEBUG - Elevation 19: min_y=3.0, max_y=99.75, height=96.75, points=4
2025-11-05 10:01:17 - DEBUG - Elevation 20: min_y=3.0, max_y=99.75, height=96.75, points=4
2025-11-05 10:01:17 - DEBUG - Elevation 21: min_y=3.0, max_y=99.75, height=96.75, points=4
2025-11-05 10:01:17 - DEBUG - Elevation 22: min_y=3.0, max_y=99.75, height=96.75, points=4
2025-11-05 10:01:17 - DEBUG - Elevation 23: min_y=3.0, max_y=99.75, height=96.75, points=4
2025-11-05 10:01:17 - DEBUG - Elevation 24: min_y=3.0, max_y=99.75, height=96.75, points=4
2025-11-05 10:01:17 - DEBUG - Calculated squaring for panel 127a0354-1943-4aae-87f2-a22832611c1a: 143.366 inches -> 11'-11-3/8"
2025-11-05 10:01:17 - DEBUG - Panel 127a0354-1943-4aae-87f2-a22832611c1a has 21 elevation views
2025-11-05 10:01:17 - DEBUG - Elevation 0: min_y=0.0, max_y=0.0, height=0.0, points=4
2025-11-05 10:01:17 - DEBUG - Elevation 1: min_y=0.0, max_y=1.5, height=1.5, points=4
2025-11-05 10:01:17 - DEBUG - Elevation 2: min_y=99.75, max_y=101.25, height=1.5, points=4
2025-11-05 10:01:17 - DEBUG - Elevation 3: min_y=101.25, max_y=102.75, height=1.5, points=4
2025-11-05 10:01:17 - DEBUG - Elevation 4: min_y=1.5, max_y=99.75, height=98.25, points=4
2025-11-05 10:01:17 - DEBUG - Elevation 5: min_y=1.5, max_y=99.75, height=98.25, points=4
2025-11-05 10:01:17 - DEBUG - Elevation 6: min_y=1.5, max_y=99.75, height=98.25, points=4
2025-11-05 10:01:17 - DEBUG - Elevation 7: min_y=1.5, max_y=99.75, height=98.25, points=4
2025-11-05 10:01:17 - DEBUG - Elevation 8: min_y=1.5, max_y=99.75, height=98.25, points=4
2025-11-05 10:01:17 - DEBUG - Elevation 9: min_y=1.5, max_y=99.75, height=98.25, points=4
2025-11-05 10:01:17 - DEBUG - Elevation 10: min_y=1.5, max_y=99.75, height=98.25, points=4
2025-11-05 10:01:17 - DEBUG - Elevation 11: min_y=1.5, max_y=99.75, height=98.25, points=4
2025-11-05 10:01:17 - DEBUG - Elevation 12: min_y=1.5, max_y=99.75, height=98.25, points=4
2025-11-05 10:01:17 - DEBUG - Elevation 13: min_y=0.0, max_y=82.999, height=82.999, points=4
2025-11-05 10:01:17 - DEBUG - Elevation 14: min_y=83.0, max_y=84.5, height=1.5, points=4
2025-11-05 10:01:17 - DEBUG - Elevation 15: min_y=84.5, max_y=99.75, height=15.25, points=4
2025-11-05 10:01:17 - DEBUG - Elevation 16: min_y=84.5, max_y=99.75, height=15.25, points=4
2025-11-05 10:01:17 - DEBUG - Elevation 17: min_y=84.5, max_y=99.75, height=15.25, points=4
2025-11-05 10:01:17 - DEBUG - Elevation 18: min_y=84.5, max_y=99.75, height=15.25, points=4
2025-11-05 10:01:17 - DEBUG - Elevation 19: min_y=1.5, max_y=99.75, height=98.25, points=4
2025-11-05 10:01:17 - DEBUG - Elevation 20: min_y=1.5, max_y=99.75, height=98.25, points=4
2025-11-05 10:01:18 - DEBUG - Calculated squaring for panel 2860a3ed-c607-4e6d-ae9f-360b83bf952f: 144.364 inches -> 12'-3/8"
2025-11-05 10:01:18 - DEBUG - Panel 2860a3ed-c607-4e6d-ae9f-360b83bf952f has 31 elevation views
2025-11-05 10:01:18 - DEBUG - Elevation 0: min_y=0.0, max_y=0.0, height=0.0, points=4
2025-11-05 10:01:18 - DEBUG - Elevation 1: min_y=0.0, max_y=0.0, height=0.0, points=4
2025-11-05 10:01:18 - DEBUG - Elevation 2: min_y=0.0, max_y=1.5, height=1.5, points=4
2025-11-05 10:01:18 - DEBUG - Elevation 3: min_y=1.5, max_y=99.75, height=98.25, points=4
2025-11-05 10:01:18 - DEBUG - Elevation 4: min_y=99.75, max_y=101.25, height=1.5, points=4
2025-11-05 10:01:18 - DEBUG - Elevation 5: min_y=101.25, max_y=102.75, height=1.5, points=4
2025-11-05 10:01:18 - DEBUG - Elevation 6: min_y=1.5, max_y=99.75, height=98.25, points=4
2025-11-05 10:01:18 - DEBUG - Elevation 7: min_y=1.5, max_y=99.75, height=98.25, points=4
2025-11-05 10:01:18 - DEBUG - Elevation 8: min_y=1.5, max_y=99.75, height=98.25, points=4
2025-11-05 10:01:18 - DEBUG - Elevation 9: min_y=1.5, max_y=99.75, height=98.25, points=4
2025-11-05 10:01:18 - DEBUG - Elevation 10: min_y=1.5, max_y=99.75, height=98.25, points=4
2025-11-05 10:01:18 - DEBUG - Elevation 11: min_y=1.5, max_y=99.75, height=98.25, points=4
2025-11-05 10:01:18 - DEBUG - Elevation 12: min_y=1.5, max_y=99.75, height=98.25, points=4
2025-11-05 10:01:18 - DEBUG - Elevation 13: min_y=0.0, max_y=82.999, height=82.999, points=4
2025-11-05 10:01:18 - DEBUG - Elevation 14: min_y=83.0, max_y=84.5, height=1.5, points=4
2025-11-05 10:01:18 - DEBUG - Elevation 15: min_y=84.5, max_y=99.75, height=15.25, points=4
2025-11-05 10:01:18 - DEBUG - Elevation 16: min_y=84.5, max_y=99.75, height=15.25, points=4
2025-11-05 10:01:18 - DEBUG - Elevation 17: min_y=84.5, max_y=99.75, height=15.25, points=4
2025-11-05 10:01:18 - DEBUG - Elevation 18: min_y=84.5, max_y=99.75, height=15.25, points=4
2025-11-05 10:01:18 - DEBUG - Elevation 19: min_y=1.5, max_y=99.75, height=98.25, points=4
2025-11-05 10:01:18 - DEBUG - Elevation 20: min_y=1.5, max_y=99.75, height=98.25, points=4
2025-11-05 10:01:18 - DEBUG - Elevation 21: min_y=1.5, max_y=99.75, height=98.25, points=4
2025-11-05 10:01:18 - DEBUG - Elevation 22: min_y=1.5, max_y=99.75, height=98.25, points=4
2025-11-05 10:01:18 - DEBUG - Elevation 23: min_y=0.0, max_y=82.999, height=82.999, points=4
2025-11-05 10:01:18 - DEBUG - Elevation 24: min_y=83.0, max_y=84.5, height=1.5, points=4
2025-11-05 10:01:18 - DEBUG - Elevation 25: min_y=84.5, max_y=99.75, height=15.25, points=4
2025-11-05 10:01:18 - DEBUG - Elevation 26: min_y=84.5, max_y=99.75, height=15.25, points=4
2025-11-05 10:01:18 - DEBUG - Elevation 27: min_y=84.5, max_y=99.75, height=15.25, points=4
2025-11-05 10:01:18 - DEBUG - Elevation 28: min_y=84.5, max_y=99.75, height=15.25, points=4
2025-11-05 10:01:18 - DEBUG - Elevation 29: min_y=1.5, max_y=99.75, height=98.25, points=4
2025-11-05 10:01:18 - DEBUG - Elevation 30: min_y=1.5, max_y=99.75, height=98.25, points=4
2025-11-05 10:01:18 - DEBUG - Calculated squaring for panel 86c9531c-ef0d-4490-8d5c-3cc7f233f2bc: 132.521 inches -> 11'-1/2"
2025-11-05 10:01:18 - DEBUG - Panel 86c9531c-ef0d-4490-8d5c-3cc7f233f2bc has 15 elevation views
2025-11-05 10:01:18 - DEBUG - Elevation 0: min_y=0.0, max_y=0.0, height=0.0, points=4
2025-11-05 10:01:18 - DEBUG - Elevation 1: min_y=0.0, max_y=1.5, height=1.5, points=4
2025-11-05 10:01:18 - DEBUG - Elevation 2: min_y=99.75, max_y=101.25, height=1.5, points=4
2025-11-05 10:01:18 - DEBUG - Elevation 3: min_y=101.25, max_y=102.75, height=1.5, points=4
2025-11-05 10:01:18 - DEBUG - Elevation 4: min_y=1.5, max_y=99.75, height=98.25, points=4
2025-11-05 10:01:18 - DEBUG - Elevation 5: min_y=1.5, max_y=99.75, height=98.25, points=4
2025-11-05 10:01:18 - DEBUG - Elevation 6: min_y=1.5, max_y=99.75, height=98.25, points=4
2025-11-05 10:01:18 - DEBUG - Elevation 7: min_y=1.5, max_y=99.75, height=98.25, points=4
2025-11-05 10:01:18 - DEBUG - Elevation 8: min_y=1.5, max_y=99.75, height=98.25, points=4
2025-11-05 10:01:18 - DEBUG - Elevation 9: min_y=25.5, max_y=29.0, height=3.5, points=4
2025-11-05 10:01:18 - DEBUG - Elevation 10: min_y=49.5, max_y=53.0, height=3.5, points=4
2025-11-05 10:01:18 - DEBUG - Elevation 11: min_y=73.5, max_y=77.0, height=3.5, points=4
2025-11-05 10:01:18 - DEBUG - Elevation 12: min_y=1.5, max_y=99.75, height=98.25, points=4
2025-11-05 10:01:18 - DEBUG - Elevation 13: min_y=0.0, max_y=102.75, height=102.75, points=4
2025-11-05 10:01:18 - DEBUG - Elevation 14: min_y=1.5, max_y=99.75, height=98.25, points=4
2025-11-05 10:01:19 - DEBUG - Calculated squaring for panel ee99d9bf-8127-4978-ad47-4c740f51eea2: 132.521 inches -> 11'-1/2"
2025-11-05 10:01:19 - DEBUG - Panel ee99d9bf-8127-4978-ad47-4c740f51eea2 has 11 elevation views
2025-11-05 10:01:19 - DEBUG - Elevation 0: min_y=0.0, max_y=1.5, height=1.5, points=4
2025-11-05 10:01:19 - DEBUG - Elevation 1: min_y=1.5, max_y=99.75, height=98.25, points=4
2025-11-05 10:01:19 - DEBUG - Elevation 2: min_y=99.75, max_y=101.25, height=1.5, points=4
2025-11-05 10:01:19 - DEBUG - Elevation 3: min_y=101.25, max_y=102.75, height=1.5, points=4
2025-11-05 10:01:19 - DEBUG - Elevation 4: min_y=1.5, max_y=99.75, height=98.25, points=4
2025-11-05 10:01:19 - DEBUG - Elevation 5: min_y=1.5, max_y=99.75, height=98.25, points=4
2025-11-05 10:01:19 - DEBUG - Elevation 6: min_y=1.5, max_y=99.75, height=98.25, points=4
2025-11-05 10:01:19 - DEBUG - Elevation 7: min_y=1.5, max_y=99.75, height=98.25, points=4
2025-11-05 10:01:19 - DEBUG - Elevation 8: min_y=1.5, max_y=99.75, height=98.25, points=4
2025-11-05 10:01:19 - DEBUG - Elevation 9: min_y=1.5, max_y=99.75, height=98.25, points=4
2025-11-05 10:01:19 - DEBUG - Elevation 10: min_y=0.0, max_y=102.75, height=102.75, points=4
2025-11-05 10:01:19 - DEBUG - Calculated squaring for panel e22d4ed1-235d-445f-a7a0-915e941c9c9e: 132.521 inches -> 11'-1/2"
2025-11-05 10:01:19 - DEBUG - Panel e22d4ed1-235d-445f-a7a0-915e941c9c9e has 19 elevation views
2025-11-05 10:01:19 - DEBUG - Elevation 0: min_y=0.0, max_y=0.0, height=0.0, points=4
2025-11-05 10:01:19 - DEBUG - Elevation 1: min_y=0.0, max_y=1.5, height=1.5, points=4
2025-11-05 10:01:19 - DEBUG - Elevation 2: min_y=1.5, max_y=99.75, height=98.25, points=4
2025-11-05 10:01:19 - DEBUG - Elevation 3: min_y=99.75, max_y=101.25, height=1.5, points=4
2025-11-05 10:01:19 - DEBUG - Elevation 4: min_y=101.25, max_y=102.75, height=1.5, points=4
2025-11-05 10:01:19 - DEBUG - Elevation 5: min_y=1.5, max_y=99.75, height=98.25, points=4
2025-11-05 10:01:19 - DEBUG - Elevation 6: min_y=1.5, max_y=99.75, height=98.25, points=4
2025-11-05 10:01:19 - DEBUG - Elevation 7: min_y=1.5, max_y=99.75, height=98.25, points=4
2025-11-05 10:01:19 - DEBUG - Elevation 8: min_y=25.5, max_y=29.0, height=3.5, points=4
2025-11-05 10:01:19 - DEBUG - Elevation 9: min_y=49.5, max_y=53.0, height=3.5, points=4
2025-11-05 10:01:19 - DEBUG - Elevation 10: min_y=73.5, max_y=77.0, height=3.5, points=4
2025-11-05 10:01:19 - DEBUG - Elevation 11: min_y=1.5, max_y=99.75, height=98.25, points=4
2025-11-05 10:01:19 - DEBUG - Elevation 12: min_y=1.5, max_y=99.75, height=98.25, points=4
2025-11-05 10:01:19 - DEBUG - Elevation 13: min_y=25.5, max_y=29.0, height=3.5, points=4
2025-11-05 10:01:19 - DEBUG - Elevation 14: min_y=49.5, max_y=53.0, height=3.5, points=4
2025-11-05 10:01:19 - DEBUG - Elevation 15: min_y=73.5, max_y=77.0, height=3.5, points=4
2025-11-05 10:01:19 - DEBUG - Elevation 16: min_y=1.5, max_y=99.75, height=98.25, points=4
2025-11-05 10:01:19 - DEBUG - Elevation 17: min_y=1.5, max_y=99.75, height=98.25, points=4
2025-11-05 10:01:19 - DEBUG - Elevation 18: min_y=0.0, max_y=102.75, height=102.75, points=4
2025-11-05 10:01:19 - DEBUG - Calculated squaring for panel fd7dd07e-425f-4764-bad0-bde01641529e: 130.035 inches -> 10'-10"
2025-11-05 10:01:19 - DEBUG - Panel fd7dd07e-425f-4764-bad0-bde01641529e has 25 elevation views
2025-11-05 10:01:19 - DEBUG - Elevation 0: min_y=0.0, max_y=0.0, height=0.0, points=4
2025-11-05 10:01:19 - DEBUG - Elevation 1: min_y=0.0, max_y=0.0, height=0.0, points=4
2025-11-05 10:01:19 - DEBUG - Elevation 2: min_y=0.0, max_y=0.0, height=0.0, points=4
2025-11-05 10:01:19 - DEBUG - Elevation 3: min_y=0.0, max_y=1.5, height=1.5, points=4
2025-11-05 10:01:19 - DEBUG - Elevation 4: min_y=1.5, max_y=99.75, height=98.25, points=4
2025-11-05 10:01:19 - DEBUG - Elevation 5: min_y=99.75, max_y=101.25, height=1.5, points=4
2025-11-05 10:01:19 - DEBUG - Elevation 6: min_y=101.25, max_y=102.75, height=1.5, points=4
2025-11-05 10:01:19 - DEBUG - Elevation 7: min_y=1.5, max_y=99.75, height=98.25, points=4
2025-11-05 10:01:19 - DEBUG - Elevation 8: min_y=1.5, max_y=99.75, height=98.25, points=4
2025-11-05 10:01:19 - DEBUG - Elevation 9: min_y=1.5, max_y=99.75, height=98.25, points=4
2025-11-05 10:01:19 - DEBUG - Elevation 10: min_y=1.5, max_y=99.75, height=98.25, points=4
2025-11-05 10:01:19 - DEBUG - Elevation 11: min_y=1.5, max_y=99.75, height=98.25, points=4
2025-11-05 10:01:19 - DEBUG - Elevation 12: min_y=1.5, max_y=99.75, height=98.25, points=4
2025-11-05 10:01:19 - DEBUG - Elevation 13: min_y=0.0, max_y=87.0, height=87.0, points=4
2025-11-05 10:01:19 - DEBUG - Elevation 14: min_y=87.0, max_y=88.5, height=1.5, points=4
2025-11-05 10:01:19 - DEBUG - Elevation 15: min_y=88.5, max_y=99.75, height=11.25, points=4
2025-11-05 10:01:19 - DEBUG - Elevation 16: min_y=88.5, max_y=99.75, height=11.25, points=4
2025-11-05 10:01:19 - DEBUG - Elevation 17: min_y=88.5, max_y=99.75, height=11.25, points=4
2025-11-05 10:01:19 - DEBUG - Elevation 18: min_y=88.5, max_y=99.75, height=11.25, points=4
2025-11-05 10:01:19 - DEBUG - Elevation 19: min_y=1.5, max_y=99.75, height=98.25, points=4
2025-11-05 10:01:19 - DEBUG - Elevation 20: min_y=1.5, max_y=99.75, height=98.25, points=4
2025-11-05 10:01:19 - DEBUG - Elevation 21: min_y=1.5, max_y=99.75, height=98.25, points=4
2025-11-05 10:01:19 - DEBUG - Elevation 22: min_y=1.5, max_y=99.75, height=98.25, points=4
2025-11-05 10:01:19 - DEBUG - Elevation 23: min_y=1.5, max_y=99.75, height=98.25, points=4
2025-11-05 10:01:19 - DEBUG - Elevation 24: min_y=1.5, max_y=99.75, height=98.25, points=4
2025-11-05 10:01:20 - DEBUG - Calculated squaring for panel a9997aa1-a5ea-4308-b304-0f1d7e637b64: 132.521 inches -> 11'-1/2"
2025-11-05 10:01:20 - DEBUG - Panel a9997aa1-a5ea-4308-b304-0f1d7e637b64 has 28 elevation views
2025-11-05 10:01:20 - DEBUG - Elevation 0: min_y=0.0, max_y=0.0, height=0.0, points=4
2025-11-05 10:01:20 - DEBUG - Elevation 1: min_y=0.0, max_y=0.0, height=0.0, points=4
2025-11-05 10:01:20 - DEBUG - Elevation 2: min_y=1.5, max_y=99.75, height=98.25, points=4
2025-11-05 10:01:20 - DEBUG - Elevation 3: min_y=0.0, max_y=1.5, height=1.5, points=4
2025-11-05 10:01:20 - DEBUG - Elevation 4: min_y=99.75, max_y=101.25, height=1.5, points=4
2025-11-05 10:01:20 - DEBUG - Elevation 5: min_y=101.25, max_y=102.75, height=1.5, points=4
2025-11-05 10:01:20 - DEBUG - Elevation 6: min_y=1.5, max_y=99.75, height=98.25, points=4
2025-11-05 10:01:20 - DEBUG - Elevation 7: min_y=1.5, max_y=99.75, height=98.25, points=4
2025-11-05 10:01:20 - DEBUG - Elevation 8: min_y=1.5, max_y=99.75, height=98.25, points=4
2025-11-05 10:01:20 - DEBUG - Elevation 9: min_y=1.5, max_y=99.75, height=98.25, points=4
2025-11-05 10:01:20 - DEBUG - Elevation 10: min_y=0.0, max_y=82.999, height=82.999, points=4
2025-11-05 10:01:20 - DEBUG - Elevation 11: min_y=83.0, max_y=84.5, height=1.5, points=4
2025-11-05 10:01:20 - DEBUG - Elevation 12: min_y=84.5, max_y=99.75, height=15.25, points=4
2025-11-05 10:01:20 - DEBUG - Elevation 13: min_y=84.5, max_y=99.75, height=15.25, points=4
2025-11-05 10:01:20 - DEBUG - Elevation 14: min_y=84.5, max_y=99.75, height=15.25, points=4
2025-11-05 10:01:20 - DEBUG - Elevation 15: min_y=84.5, max_y=99.75, height=15.25, points=4
2025-11-05 10:01:20 - DEBUG - Elevation 16: min_y=1.5, max_y=99.75, height=98.25, points=4
2025-11-05 10:01:20 - DEBUG - Elevation 17: min_y=1.5, max_y=99.75, height=98.25, points=4
2025-11-05 10:01:20 - DEBUG - Elevation 18: min_y=1.5, max_y=99.75, height=98.25, points=4
2025-11-05 10:01:20 - DEBUG - Elevation 19: min_y=1.5, max_y=99.75, height=98.25, points=4
2025-11-05 10:01:20 - DEBUG - Elevation 20: min_y=84.5, max_y=99.75, height=15.25, points=4
2025-11-05 10:01:20 - DEBUG - Elevation 21: min_y=0.0, max_y=82.999, height=82.999, points=4
2025-11-05 10:01:20 - DEBUG - Elevation 22: min_y=83.0, max_y=84.5, height=1.5, points=4
2025-11-05 10:01:20 - DEBUG - Elevation 23: min_y=84.5, max_y=99.75, height=15.25, points=4
2025-11-05 10:01:20 - DEBUG - Elevation 24: min_y=84.5, max_y=99.75, height=15.25, points=4
2025-11-05 10:01:20 - DEBUG - Elevation 25: min_y=84.5, max_y=99.75, height=15.25, points=4
2025-11-05 10:01:20 - DEBUG - Elevation 26: min_y=1.5, max_y=99.75, height=98.25, points=4
2025-11-05 10:01:20 - DEBUG - Elevation 27: min_y=1.5, max_y=99.75, height=98.25, points=4
2025-11-05 10:01:20 - DEBUG - Calculated squaring for panel aa5359b2-e3aa-433a-a4e0-ae7ff8248e25: 132.521 inches -> 11'-1/2"
2025-11-05 10:01:20 - DEBUG - Panel aa5359b2-e3aa-433a-a4e0-ae7ff8248e25 has 21 elevation views
2025-11-05 10:01:20 - DEBUG - Elevation 0: min_y=0.0, max_y=0.0, height=0.0, points=4
2025-11-05 10:01:20 - DEBUG - Elevation 1: min_y=0.0, max_y=1.5, height=1.5, points=4
2025-11-05 10:01:20 - DEBUG - Elevation 2: min_y=99.75, max_y=101.25, height=1.5, points=4
2025-11-05 10:01:20 - DEBUG - Elevation 3: min_y=101.25, max_y=102.75, height=1.5, points=4
2025-11-05 10:01:20 - DEBUG - Elevation 4: min_y=1.5, max_y=99.75, height=98.25, points=4
2025-11-05 10:01:20 - DEBUG - Elevation 5: min_y=0.0, max_y=102.75, height=102.75, points=4
2025-11-05 10:01:20 - DEBUG - Elevation 6: min_y=1.5, max_y=99.75, height=98.25, points=4
2025-11-05 10:01:20 - DEBUG - Elevation 7: min_y=1.5, max_y=99.75, height=98.25, points=4
2025-11-05 10:01:20 - DEBUG - Elevation 8: min_y=1.5, max_y=99.75, height=98.25, points=4
2025-11-05 10:01:20 - DEBUG - Elevation 9: min_y=0.0, max_y=82.999, height=82.999, points=4
2025-11-05 10:01:20 - DEBUG - Elevation 10: min_y=83.0, max_y=84.5, height=1.5, points=4
2025-11-05 10:01:20 - DEBUG - Elevation 11: min_y=84.5, max_y=99.75, height=15.25, points=4
2025-11-05 10:01:20 - DEBUG - Elevation 12: min_y=84.5, max_y=99.75, height=15.25, points=4
2025-11-05 10:01:20 - DEBUG - Elevation 13: min_y=84.5, max_y=99.75, height=15.25, points=4
2025-11-05 10:01:20 - DEBUG - Elevation 14: min_y=84.5, max_y=99.75, height=15.25, points=4
2025-11-05 10:01:20 - DEBUG - Elevation 15: min_y=84.5, max_y=99.75, height=15.25, points=4
2025-11-05 10:01:20 - DEBUG - Elevation 16: min_y=84.5, max_y=99.75, height=15.25, points=4
2025-11-05 10:01:20 - DEBUG - Elevation 17: min_y=1.5, max_y=99.75, height=98.25, points=4
2025-11-05 10:01:20 - DEBUG - Elevation 18: min_y=1.5, max_y=99.75, height=98.25, points=4
2025-11-05 10:01:20 - DEBUG - Elevation 19: min_y=1.5, max_y=99.75, height=98.25, points=4
2025-11-05 10:01:20 - DEBUG - Elevation 20: min_y=1.5, max_y=99.75, height=98.25, points=4
2025-11-05 10:01:20 - DEBUG - Calculated squaring for panel bc935d0f-1ad8-4fab-8f16-a77dfcedc1b2: 110.003 inches -> 9'-2"
2025-11-05 10:01:20 - DEBUG - Panel bc935d0f-1ad8-4fab-8f16-a77dfcedc1b2 has 7 elevation views
2025-11-05 10:01:20 - DEBUG - Elevation 0: min_y=0.0, max_y=1.5, height=1.5, points=4
2025-11-05 10:01:20 - DEBUG - Elevation 1: min_y=99.75, max_y=101.25, height=1.5, points=4
2025-11-05 10:01:20 - DEBUG - Elevation 2: min_y=1.5, max_y=99.75, height=98.25, points=4
2025-11-05 10:01:20 - DEBUG - Elevation 3: min_y=101.25, max_y=102.75, height=1.5, points=4
2025-11-05 10:01:20 - DEBUG - Elevation 4: min_y=1.5, max_y=99.75, height=98.25, points=4
2025-11-05 10:01:20 - DEBUG - Elevation 5: min_y=1.5, max_y=99.75, height=98.25, points=4
2025-11-05 10:01:20 - DEBUG - Elevation 6: min_y=1.5, max_y=99.75, height=98.25, points=4
2025-11-05 10:01:21 - DEBUG - Calculated squaring for panel 4f67c1df-45ab-4b33-8bb2-48130e33ddde: 110.003 inches -> 9'-2"
2025-11-05 10:01:21 - DEBUG - Panel 4f67c1df-45ab-4b33-8bb2-48130e33ddde has 7 elevation views
2025-11-05 10:01:21 - DEBUG - Elevation 0: min_y=0.0, max_y=1.5, height=1.5, points=4
2025-11-05 10:01:21 - DEBUG - Elevation 1: min_y=1.5, max_y=99.75, height=98.25, points=4
2025-11-05 10:01:21 - DEBUG - Elevation 2: min_y=99.75, max_y=101.25, height=1.5, points=4
2025-11-05 10:01:21 - DEBUG - Elevation 3: min_y=101.25, max_y=102.75, height=1.5, points=4
2025-11-05 10:01:21 - DEBUG - Elevation 4: min_y=1.5, max_y=99.75, height=98.25, points=4
2025-11-05 10:01:21 - DEBUG - Elevation 5: min_y=1.5, max_y=99.75, height=98.25, points=4
2025-11-05 10:01:21 - DEBUG - Elevation 6: min_y=1.5, max_y=99.75, height=98.25, points=4
2025-11-05 10:01:21 - DEBUG - Calculated squaring for panel 09fc084a-9a28-4f8d-a82a-cbc3e695ab5c: 105.321 inches -> 8'-9-1/4"
2025-11-05 10:01:21 - DEBUG - Panel 09fc084a-9a28-4f8d-a82a-cbc3e695ab5c has 7 elevation views
2025-11-05 10:01:21 - DEBUG - Elevation 0: min_y=0.0, max_y=1.5, height=1.5, points=4
2025-11-05 10:01:21 - DEBUG - Elevation 1: min_y=1.5, max_y=99.75, height=98.25, points=4
2025-11-05 10:01:21 - DEBUG - Elevation 2: min_y=99.75, max_y=101.25, height=1.5, points=4
2025-11-05 10:01:21 - DEBUG - Elevation 3: min_y=101.25, max_y=102.75, height=1.5, points=4
2025-11-05 10:01:21 - DEBUG - Elevation 4: min_y=1.5, max_y=99.75, height=98.25, points=4
2025-11-05 10:01:21 - DEBUG - Elevation 5: min_y=1.5, max_y=99.75, height=98.25, points=4
2025-11-05 10:01:21 - DEBUG - Elevation 6: min_y=1.5, max_y=99.75, height=98.25, points=4
2025-11-05 10:01:22 - DEBUG - Calculated squaring for panel 0f9b2ede-f5a3-48bb-93c0-08bab1624b2c: 109.808 inches -> 9'-1-3/4"
2025-11-05 10:01:22 - DEBUG - Panel 0f9b2ede-f5a3-48bb-93c0-08bab1624b2c has 16 elevation views
2025-11-05 10:01:22 - DEBUG - Elevation 0: min_y=0.0, max_y=0.0, height=0.0, points=4
2025-11-05 10:01:22 - DEBUG - Elevation 1: min_y=0.0, max_y=1.5, height=1.5, points=4
2025-11-05 10:01:22 - DEBUG - Elevation 2: min_y=1.5, max_y=99.75, height=98.25, points=4
2025-11-05 10:01:22 - DEBUG - Elevation 3: min_y=99.75, max_y=101.25, height=1.5, points=4
2025-11-05 10:01:22 - DEBUG - Elevation 4: min_y=101.25, max_y=102.75, height=1.5, points=4
2025-11-05 10:01:22 - DEBUG - Elevation 5: min_y=1.5, max_y=99.75, height=98.25, points=4
2025-11-05 10:01:22 - DEBUG - Elevation 6: min_y=1.5, max_y=99.75, height=98.25, points=4
2025-11-05 10:01:22 - DEBUG - Elevation 7: min_y=1.5, max_y=99.75, height=98.25, points=4
2025-11-05 10:01:22 - DEBUG - Elevation 8: min_y=0.0, max_y=82.999, height=82.999, points=4
2025-11-05 10:01:22 - DEBUG - Elevation 9: min_y=83.0, max_y=84.5, height=1.5, points=4
2025-11-05 10:01:22 - DEBUG - Elevation 10: min_y=84.5, max_y=99.75, height=15.25, points=4
2025-11-05 10:01:22 - DEBUG - Elevation 11: min_y=84.5, max_y=99.75, height=15.25, points=4
2025-11-05 10:01:22 - DEBUG - Elevation 12: min_y=84.5, max_y=99.75, height=15.25, points=4
2025-11-05 10:01:22 - DEBUG - Elevation 13: min_y=84.5, max_y=99.75, height=15.25, points=4
2025-11-05 10:01:22 - DEBUG - Elevation 14: min_y=1.5, max_y=99.75, height=98.25, points=4
2025-11-05 10:01:22 - DEBUG - Elevation 15: min_y=1.5, max_y=99.75, height=98.25, points=4
2025-11-05 10:01:22 - DEBUG - Calculated squaring for panel ff153e42-c5f7-429e-b5b1-20aac9899bf6: 103.829 inches -> 8'-7-3/4"
2025-11-05 10:01:22 - DEBUG - Panel ff153e42-c5f7-429e-b5b1-20aac9899bf6 has 6 elevation views
2025-11-05 10:01:22 - DEBUG - Elevation 0: min_y=0.0, max_y=1.5, height=1.5, points=4
2025-11-05 10:01:22 - DEBUG - Elevation 1: min_y=1.5, max_y=99.75, height=98.25, points=4
2025-11-05 10:01:22 - DEBUG - Elevation 2: min_y=99.75, max_y=101.25, height=1.5, points=4
2025-11-05 10:01:22 - DEBUG - Elevation 3: min_y=101.25, max_y=102.75, height=1.5, points=4
2025-11-05 10:01:22 - DEBUG - Elevation 4: min_y=1.5, max_y=99.75, height=98.25, points=4
2025-11-05 10:01:22 - DEBUG - Elevation 5: min_y=1.5, max_y=99.75, height=98.25, points=4
2025-11-05 10:01:22 - DEBUG - Calculated squaring for panel bf8c9bdd-1a11-45c4-81ab-33b4fdee589a: 104.321 inches -> 8'-8-1/4"
2025-11-05 10:01:22 - DEBUG - Panel bf8c9bdd-1a11-45c4-81ab-33b4fdee589a has 8 elevation views
2025-11-05 10:01:22 - DEBUG - Elevation 0: min_y=0.0, max_y=0.0, height=0.0, points=4
2025-11-05 10:01:22 - DEBUG - Elevation 1: min_y=0.0, max_y=1.5, height=1.5, points=4
2025-11-05 10:01:22 - DEBUG - Elevation 2: min_y=99.75, max_y=101.25, height=1.5, points=4
2025-11-05 10:01:22 - DEBUG - Elevation 3: min_y=101.25, max_y=102.75, height=1.5, points=4
2025-11-05 10:01:22 - DEBUG - Elevation 4: min_y=1.5, max_y=99.75, height=98.25, points=4
2025-11-05 10:01:22 - DEBUG - Elevation 5: min_y=1.5, max_y=99.75, height=98.25, points=4
2025-11-05 10:01:22 - DEBUG - Elevation 6: min_y=1.5, max_y=99.75, height=98.25, points=4
2025-11-05 10:01:22 - DEBUG - Elevation 7: min_y=1.5, max_y=99.75, height=98.25, points=4
2025-11-05 10:01:23 - DEBUG - Writing expected.log with 25 panels
2025-11-05 10:01:23 - DEBUG - write_expected_and_materials_logs called with 25 panels
2025-11-05 10:01:23 - DEBUG - Finished writing expected.log
2025-11-05 10:01:23 - DEBUG - write_expected_and_materials_logs called with 25 panels
2025-11-05 10:01:55 - DEBUG - DEBUG: create_takeoff_standalone_output called with panel_name=8deeb41b-890b-4f31-b5b7-7e7774fdb99d, material_breakdown='A - BottomPlate - 2x4 SPF PM No.2 - (1) - 7\'-10-1/16"\nB - TopPlate - 2x4 SPF PM No.2 - (1) - 7\'-10-1'...
2025-11-05 10:02:27 - DEBUG - DEBUG: create_takeoff_standalone_output called with panel_name=8deeb41b-890b-4f31-b5b7-7e7774fdb99d, material_breakdown='A - BottomPlate - 2x4 SPF PM No.2 - (1) - 7\'-10-1/16"\nB - TopPlate - 2x4 SPF PM No.2 - (1) - 7\'-10-1'...
2025-11-05 10:16:09 - DEBUG - Detected EHX format: legacy
2025-11-05 10:16:09 - DEBUG - Calculated squaring for panel 7b4c24a5-9ff1-4fa2-895f-8b8fd1ca6041: 209.989 inches -> 17'-6"
2025-11-05 10:16:09 - DEBUG - Panel 7b4c24a5-9ff1-4fa2-895f-8b8fd1ca6041 has 33 elevation views
2025-11-05 10:16:09 - DEBUG - Elevation 0: min_y=0.0, max_y=1.5, height=1.5, points=4
2025-11-05 10:16:09 - DEBUG - Elevation 1: min_y=1.5, max_y=3.0, height=1.5, points=4
2025-11-05 10:16:09 - DEBUG - Elevation 2: min_y=3.0, max_y=127.75, height=124.75, points=4
2025-11-05 10:16:09 - DEBUG - Elevation 3: min_y=127.75, max_y=129.25, height=1.5, points=4
2025-11-05 10:16:09 - DEBUG - Elevation 4: min_y=129.25, max_y=130.75, height=1.5, points=4
2025-11-05 10:16:09 - DEBUG - Elevation 5: min_y=3.0, max_y=127.75, height=124.75, points=4
2025-11-05 10:16:09 - DEBUG - Elevation 6: min_y=3.0, max_y=127.75, height=124.75, points=4
2025-11-05 10:16:09 - DEBUG - Elevation 7: min_y=3.0, max_y=127.75, height=124.75, points=4
2025-11-05 10:16:09 - DEBUG - Elevation 8: min_y=3.0, max_y=127.75, height=124.75, points=4
2025-11-05 10:16:09 - DEBUG - Elevation 9: min_y=3.0, max_y=127.75, height=124.75, points=4
2025-11-05 10:16:09 - DEBUG - Elevation 10: min_y=3.0, max_y=127.75, height=124.75, points=4
2025-11-05 10:16:09 - DEBUG - Elevation 11: min_y=3.0, max_y=127.75, height=124.75, points=4
2025-11-05 10:16:09 - DEBUG - Elevation 12: min_y=3.0, max_y=127.75, height=124.75, points=4
2025-11-05 10:16:09 - DEBUG - Elevation 13: min_y=3.0, max_y=127.75, height=124.75, points=4
2025-11-05 10:16:09 - DEBUG - Elevation 14: min_y=1.5, max_y=97.5, height=96.0, points=4
2025-11-05 10:16:09 - DEBUG - Elevation 15: min_y=97.5, max_y=129.625, height=32.125, points=4
2025-11-05 10:16:09 - DEBUG - Elevation 16: min_y=1.5, max_y=97.5, height=96.0, points=4
2025-11-05 10:16:09 - DEBUG - Elevation 17: min_y=1.5, max_y=97.5, height=96.0, points=4
2025-11-05 10:16:09 - DEBUG - Elevation 18: min_y=97.5, max_y=129.625, height=32.125, points=4
2025-11-05 10:16:09 - DEBUG - Elevation 19: min_y=1.5, max_y=97.5, height=96.0, points=4
2025-11-05 10:16:09 - DEBUG - Elevation 20: min_y=3.0, max_y=127.75, height=124.75, points=4
2025-11-05 10:16:09 - DEBUG - Elevation 21: min_y=3.0, max_y=127.75, height=124.75, points=4
2025-11-05 10:16:09 - DEBUG - Elevation 22: min_y=3.0, max_y=127.75, height=124.75, points=4
2025-11-05 10:16:09 - DEBUG - Elevation 23: min_y=3.0, max_y=127.75, height=124.75, points=4
2025-11-05 10:16:09 - DEBUG - Elevation 24: min_y=3.0, max_y=127.75, height=124.75, points=4
2025-11-05 10:16:09 - DEBUG - Elevation 25: min_y=3.0, max_y=127.75, height=124.75, points=4
2025-11-05 10:16:09 - DEBUG - Elevation 26: min_y=3.0, max_y=127.75, height=124.75, points=4
2025-11-05 10:16:09 - DEBUG - Elevation 27: min_y=3.0, max_y=127.75, height=124.75, points=4
2025-11-05 10:16:09 - DEBUG - Elevation 28: min_y=3.0, max_y=127.75, height=124.75, points=4
2025-11-05 10:16:09 - DEBUG - Elevation 29: min_y=3.0, max_y=127.75, height=124.75, points=4
2025-11-05 10:16:09 - DEBUG - Elevation 30: min_y=3.0, max_y=127.75, height=124.75, points=4
2025-11-05 10:16:09 - DEBUG - Elevation 31: min_y=3.0, max_y=127.75, height=124.75, points=4
2025-11-05 10:16:09 - DEBUG - Elevation 32: min_y=3.0, max_y=127.75, height=124.75, points=4
2025-11-05 10:16:09 - DEBUG - Calculated squaring for panel c819fa54-22f0-4709-aae1-53c6251d4ece: 180.853 inches -> 15'-7/8"
2025-11-05 10:16:09 - DEBUG - Panel c819fa54-22f0-4709-aae1-53c6251d4ece has 25 elevation views
2025-11-05 10:16:09 - DEBUG - Elevation 0: min_y=0.0, max_y=0.0, height=0.0, points=4
2025-11-05 10:16:09 - DEBUG - Elevation 1: min_y=0.0, max_y=1.5, height=1.5, points=4
2025-11-05 10:16:09 - DEBUG - Elevation 2: min_y=1.5, max_y=3.0, height=1.5, points=4
2025-11-05 10:16:09 - DEBUG - Elevation 3: min_y=3.0, max_y=127.75, height=124.75, points=4
2025-11-05 10:16:09 - DEBUG - Elevation 4: min_y=127.75, max_y=129.25, height=1.5, points=4
2025-11-05 10:16:09 - DEBUG - Elevation 5: min_y=3.0, max_y=127.75, height=124.75, points=4
2025-11-05 10:16:09 - DEBUG - Elevation 6: min_y=3.0, max_y=127.75, height=124.75, points=4
2025-11-05 10:16:09 - DEBUG - Elevation 7: min_y=129.25, max_y=130.75, height=1.5, points=4
2025-11-05 10:16:09 - DEBUG - Elevation 8: min_y=3.0, max_y=127.75, height=124.75, points=4
2025-11-05 10:16:09 - DEBUG - Elevation 9: min_y=3.0, max_y=127.75, height=124.75, points=4
2025-11-05 10:16:09 - DEBUG - Elevation 10: min_y=3.0, max_y=127.75, height=124.75, points=4
2025-11-05 10:16:09 - DEBUG - Elevation 11: min_y=3.0, max_y=127.75, height=124.75, points=4
2025-11-05 10:16:09 - DEBUG - Elevation 12: min_y=3.0, max_y=127.75, height=124.75, points=4
2025-11-05 10:16:09 - DEBUG - Elevation 13: min_y=3.0, max_y=127.75, height=124.75, points=4
2025-11-05 10:16:09 - DEBUG - Elevation 14: min_y=0.0, max_y=130.75, height=130.75, points=4
2025-11-05 10:16:09 - DEBUG - Elevation 15: min_y=3.0, max_y=127.75, height=124.75, points=4
2025-11-05 10:16:09 - DEBUG - Elevation 16: min_y=3.0, max_y=127.75, height=124.75, points=4
2025-11-05 10:16:09 - DEBUG - Elevation 17: min_y=3.0, max_y=127.75, height=124.75, points=4
2025-11-05 10:16:09 - DEBUG - Elevation 18: min_y=3.0, max_y=127.75, height=124.75, points=4
2025-11-05 10:16:09 - DEBUG - Elevation 19: min_y=3.0, max_y=127.75, height=124.75, points=4
2025-11-05 10:16:09 - DEBUG - Elevation 20: min_y=3.0, max_y=127.75, height=124.75, points=4
2025-11-05 10:16:09 - DEBUG - Elevation 21: min_y=3.0, max_y=127.75, height=124.75, points=4
2025-11-05 10:16:09 - DEBUG - Elevation 22: min_y=3.0, max_y=127.75, height=124.75, points=4
2025-11-05 10:16:09 - DEBUG - Elevation 23: min_y=3.0, max_y=127.75, height=124.75, points=4
2025-11-05 10:16:09 - DEBUG - Elevation 24: min_y=129.25, max_y=130.75, height=1.5, points=4
2025-11-05 10:16:09 - DEBUG - Calculated squaring for panel 9ab56269-1b3c-41f3-b907-87259580ea35: 148.185 inches -> 12'-4-1/4"
2025-11-05 10:16:09 - DEBUG - Panel 9ab56269-1b3c-41f3-b907-87259580ea35 has 17 elevation views
2025-11-05 10:16:09 - DEBUG - Elevation 0: min_y=0.0, max_y=1.5, height=1.5, points=4
2025-11-05 10:16:09 - DEBUG - Elevation 1: min_y=1.5, max_y=3.0, height=1.5, points=4
2025-11-05 10:16:09 - DEBUG - Elevation 2: min_y=3.0, max_y=102.125, height=99.125, points=4
2025-11-05 10:16:09 - DEBUG - Elevation 3: min_y=102.125, max_y=103.625, height=1.5, points=4
2025-11-05 10:16:09 - DEBUG - Elevation 4: min_y=3.0, max_y=102.125, height=99.125, points=4
2025-11-05 10:16:09 - DEBUG - Elevation 5: min_y=3.0, max_y=102.125, height=99.125, points=4
2025-11-05 10:16:09 - DEBUG - Elevation 6: min_y=3.0, max_y=102.125, height=99.125, points=4
2025-11-05 10:16:09 - DEBUG - Elevation 7: min_y=3.0, max_y=102.125, height=99.125, points=4
2025-11-05 10:16:09 - DEBUG - Elevation 8: min_y=3.0, max_y=102.125, height=99.125, points=4
2025-11-05 10:16:09 - DEBUG - Elevation 9: min_y=3.0, max_y=102.125, height=99.125, points=4
2025-11-05 10:16:09 - DEBUG - Elevation 10: min_y=3.0, max_y=102.125, height=99.125, points=4
2025-11-05 10:16:09 - DEBUG - Elevation 11: min_y=3.0, max_y=102.125, height=99.125, points=4
2025-11-05 10:16:09 - DEBUG - Elevation 12: min_y=1.5, max_y=97.5, height=96.0, points=4
2025-11-05 10:16:09 - DEBUG - Elevation 13: min_y=97.5, max_y=102.5, height=5.0, points=4
2025-11-05 10:16:09 - DEBUG - Elevation 14: min_y=97.5, max_y=102.5, height=5.0, points=4
2025-11-05 10:16:09 - DEBUG - Elevation 15: min_y=1.5, max_y=97.5, height=96.0, points=4
2025-11-05 10:16:09 - DEBUG - Elevation 16: min_y=1.5, max_y=97.5, height=96.0, points=4
2025-11-05 10:16:09 - DEBUG - Calculated squaring for panel fdb97140-8844-47c3-b0de-efa42045f82e: 166.939 inches -> 13'-11"
2025-11-05 10:16:09 - DEBUG - Panel fdb97140-8844-47c3-b0de-efa42045f82e has 36 elevation views
2025-11-05 10:16:09 - DEBUG - Elevation 0: min_y=-3.0, max_y=-1.5, height=1.5, points=4
2025-11-05 10:16:09 - DEBUG - Elevation 1: min_y=-1.5, max_y=0.0, height=1.5, points=4
2025-11-05 10:16:09 - DEBUG - Elevation 2: min_y=127.75, max_y=129.25, height=1.5, points=4
2025-11-05 10:16:09 - DEBUG - Elevation 3: min_y=129.25, max_y=130.75, height=1.5, points=4
2025-11-05 10:16:09 - DEBUG - Elevation 4: min_y=0.0, max_y=127.75, height=127.75, points=4
2025-11-05 10:16:09 - DEBUG - Elevation 5: min_y=0.0, max_y=127.75, height=127.75, points=4
2025-11-05 10:16:09 - DEBUG - Elevation 6: min_y=0.0, max_y=127.75, height=127.75, points=4
2025-11-05 10:16:09 - DEBUG - Elevation 7: min_y=0.0, max_y=127.75, height=127.75, points=4
2025-11-05 10:16:09 - DEBUG - Elevation 8: min_y=0.0, max_y=41.5, height=41.5, points=4
2025-11-05 10:16:09 - DEBUG - Elevation 9: min_y=41.5, max_y=43.0, height=1.5, points=4
2025-11-05 10:16:09 - DEBUG - Elevation 10: min_y=43.0, max_y=82.0, height=39.0, points=4
2025-11-05 10:16:09 - DEBUG - Elevation 11: min_y=82.0, max_y=83.5, height=1.5, points=4
2025-11-05 10:16:09 - DEBUG - Elevation 12: min_y=83.5, max_y=127.75, height=44.25, points=4
2025-11-05 10:16:09 - DEBUG - Elevation 13: min_y=0.0, max_y=41.5, height=41.5, points=4
2025-11-05 10:16:09 - DEBUG - Elevation 14: min_y=83.5, max_y=127.75, height=44.25, points=4
2025-11-05 10:16:09 - DEBUG - Elevation 15: min_y=0.0, max_y=41.5, height=41.5, points=4
2025-11-05 10:16:09 - DEBUG - Elevation 16: min_y=83.5, max_y=127.75, height=44.25, points=4
2025-11-05 10:16:09 - DEBUG - Elevation 17: min_y=0.0, max_y=41.5, height=41.5, points=4
2025-11-05 10:16:09 - DEBUG - Elevation 18: min_y=83.5, max_y=127.75, height=44.25, points=4
2025-11-05 10:16:09 - DEBUG - Elevation 19: min_y=0.0, max_y=127.75, height=127.75, points=4
2025-11-05 10:16:09 - DEBUG - Elevation 20: min_y=0.0, max_y=127.75, height=127.75, points=4
2025-11-05 10:16:09 - DEBUG - Elevation 21: min_y=0.0, max_y=127.75, height=127.75, points=4
2025-11-05 10:16:09 - DEBUG - Elevation 22: min_y=0.0, max_y=127.75, height=127.75, points=4
2025-11-05 10:16:09 - DEBUG - Elevation 23: min_y=0.0, max_y=41.5, height=41.5, points=4
2025-11-05 10:16:09 - DEBUG - Elevation 24: min_y=41.5, max_y=43.0, height=1.5, points=4
2025-11-05 10:16:09 - DEBUG - Elevation 25: min_y=43.0, max_y=82.0, height=39.0, points=4
2025-11-05 10:16:09 - DEBUG - Elevation 26: min_y=82.0, max_y=83.5, height=1.5, points=4
2025-11-05 10:16:09 - DEBUG - Elevation 27: min_y=83.5, max_y=127.75, height=44.25, points=4
2025-11-05 10:16:09 - DEBUG - Elevation 28: min_y=0.0, max_y=41.5, height=41.5, points=4
2025-11-05 10:16:09 - DEBUG - Elevation 29: min_y=83.5, max_y=127.75, height=44.25, points=4
2025-11-05 10:16:09 - DEBUG - Elevation 30: min_y=0.0, max_y=41.5, height=41.5, points=4
2025-11-05 10:16:09 - DEBUG - Elevation 31: min_y=83.5, max_y=127.75, height=44.25, points=4
2025-11-05 10:16:09 - DEBUG - Elevation 32: min_y=0.0, max_y=41.5, height=41.5, points=4
2025-11-05 10:16:09 - DEBUG - Elevation 33: min_y=83.5, max_y=127.75, height=44.25, points=4
2025-11-05 10:16:09 - DEBUG - Elevation 34: min_y=0.0, max_y=127.75, height=127.75, points=4
2025-11-05 10:16:09 - DEBUG - Elevation 35: min_y=0.0, max_y=127.75, height=127.75, points=4
2025-11-05 10:16:09 - DEBUG - Calculated squaring for panel 04eaf479-ca55-4d70-8a08-088b3b0d968a: 139.506 inches -> 11'-7-1/2"
2025-11-05 10:16:09 - DEBUG - Panel 04eaf479-ca55-4d70-8a08-088b3b0d968a has 26 elevation views
2025-11-05 10:16:09 - DEBUG - Elevation 0: min_y=0.0, max_y=0.0, height=0.0, points=4
2025-11-05 10:16:09 - DEBUG - Elevation 1: min_y=0.0, max_y=1.5, height=1.5, points=4
2025-11-05 10:16:09 - DEBUG - Elevation 2: min_y=1.5, max_y=3.0, height=1.5, points=4
2025-11-05 10:16:09 - DEBUG - Elevation 3: min_y=127.75, max_y=129.25, height=1.5, points=4
2025-11-05 10:16:09 - DEBUG - Elevation 4: min_y=129.25, max_y=130.75, height=1.5, points=4
2025-11-05 10:16:09 - DEBUG - Elevation 5: min_y=3.0, max_y=127.75, height=124.75, points=4
2025-11-05 10:16:09 - DEBUG - Elevation 6: min_y=1.5, max_y=97.5, height=96.0, points=4
2025-11-05 10:16:09 - DEBUG - Elevation 7: min_y=97.5, max_y=129.625, height=32.125, points=4
2025-11-05 10:16:09 - DEBUG - Elevation 8: min_y=82.625, max_y=129.625, height=47.0, points=4
2025-11-05 10:16:09 - DEBUG - Elevation 9: min_y=1.5, max_y=97.5, height=96.0, points=4
2025-11-05 10:16:09 - DEBUG - Elevation 10: min_y=97.5, max_y=129.625, height=32.125, points=4
2025-11-05 10:16:09 - DEBUG - Elevation 11: min_y=3.0, max_y=127.75, height=124.75, points=4
2025-11-05 10:16:09 - DEBUG - Elevation 12: min_y=3.0, max_y=84.125, height=81.125, points=4
2025-11-05 10:16:09 - DEBUG - Elevation 13: min_y=84.125, max_y=91.375, height=7.25, points=4
2025-11-05 10:16:09 - DEBUG - Elevation 14: min_y=84.125, max_y=91.375, height=7.25, points=4
2025-11-05 10:16:09 - DEBUG - Elevation 15: min_y=91.375, max_y=92.875, height=1.5, points=4
2025-11-05 10:16:09 - DEBUG - Elevation 16: min_y=92.875, max_y=127.75, height=34.875, points=4
2025-11-05 10:16:09 - DEBUG - Elevation 17: min_y=0.0, max_y=82.625, height=82.625, points=4
2025-11-05 10:16:09 - DEBUG - Elevation 18: min_y=82.625, max_y=84.125, height=1.5, points=4
2025-11-05 10:16:09 - DEBUG - Elevation 19: min_y=92.875, max_y=127.75, height=34.875, points=4
2025-11-05 10:16:09 - DEBUG - Elevation 20: min_y=92.875, max_y=127.75, height=34.875, points=4
2025-11-05 10:16:09 - DEBUG - Elevation 21: min_y=92.875, max_y=127.75, height=34.875, points=4
2025-11-05 10:16:09 - DEBUG - Elevation 22: min_y=92.875, max_y=127.75, height=34.875, points=4
2025-11-05 10:16:09 - DEBUG - Elevation 23: min_y=3.0, max_y=84.125, height=81.125, points=4
2025-11-05 10:16:09 - DEBUG - Elevation 24: min_y=92.875, max_y=127.75, height=34.875, points=4
2025-11-05 10:16:09 - DEBUG - Elevation 25: min_y=3.0, max_y=127.75, height=124.75, points=4
2025-11-05 10:16:09 - DEBUG - Calculated squaring for panel ab566ea3-4b48-44ec-af8b-38c08e96334c: 130.429 inches -> 10'-10-1/2"
2025-11-05 10:16:09 - DEBUG - Panel ab566ea3-4b48-44ec-af8b-38c08e96334c has 19 elevation views
2025-11-05 10:16:09 - DEBUG - Elevation 0: min_y=0.0, max_y=0.0, height=0.0, points=4
2025-11-05 10:16:09 - DEBUG - Elevation 1: min_y=0.0, max_y=0.0, height=0.0, points=4
2025-11-05 10:16:09 - DEBUG - Elevation 2: min_y=0.0, max_y=0.0, height=0.0, points=4
2025-11-05 10:16:09 - DEBUG - Elevation 3: min_y=0.0, max_y=1.5, height=1.5, points=4
2025-11-05 10:16:09 - DEBUG - Elevation 4: min_y=1.5, max_y=3.0, height=1.5, points=4
2025-11-05 10:16:09 - DEBUG - Elevation 5: min_y=127.75, max_y=129.25, height=1.5, points=4
2025-11-05 10:16:09 - DEBUG - Elevation 6: min_y=129.25, max_y=130.75, height=1.5, points=4
2025-11-05 10:16:09 - DEBUG - Elevation 7: min_y=0.0, max_y=129.25, height=129.25, points=4
2025-11-05 10:16:09 - DEBUG - Elevation 8: min_y=1.5, max_y=97.5, height=96.0, points=4
2025-11-05 10:16:09 - DEBUG - Elevation 9: min_y=97.5, max_y=129.625, height=32.125, points=4
2025-11-05 10:16:09 - DEBUG - Elevation 10: min_y=3.0, max_y=127.75, height=124.75, points=4
2025-11-05 10:16:09 - DEBUG - Elevation 11: min_y=3.0, max_y=127.75, height=124.75, points=4
2025-11-05 10:16:09 - DEBUG - Elevation 12: min_y=3.0, max_y=127.75, height=124.75, points=4
2025-11-05 10:16:09 - DEBUG - Elevation 13: min_y=3.0, max_y=127.75, height=124.75, points=4
2025-11-05 10:16:09 - DEBUG - Elevation 14: min_y=3.0, max_y=127.75, height=124.75, points=4
2025-11-05 10:16:09 - DEBUG - Elevation 15: min_y=3.0, max_y=127.75, height=124.75, points=4
2025-11-05 10:16:09 - DEBUG - Elevation 16: min_y=3.0, max_y=127.75, height=124.75, points=4
2025-11-05 10:16:09 - DEBUG - Elevation 17: min_y=3.0, max_y=127.75, height=124.75, points=4
2025-11-05 10:16:09 - DEBUG - Elevation 18: min_y=3.0, max_y=127.75, height=124.75, points=4
2025-11-05 10:16:09 - DEBUG - Calculated squaring for panel bd01cf75-662c-4e32-8757-8b812f37726b: 130.117 inches -> 10'-10-1/8"
2025-11-05 10:16:09 - DEBUG - Panel bd01cf75-662c-4e32-8757-8b812f37726b has 9 elevation views
2025-11-05 10:16:09 - DEBUG - Elevation 0: min_y=0.0, max_y=0.0, height=0.0, points=4
2025-11-05 10:16:09 - DEBUG - Elevation 1: min_y=0.0, max_y=0.0, height=0.0, points=4
2025-11-05 10:16:09 - DEBUG - Elevation 2: min_y=0.0, max_y=1.5, height=1.5, points=4
2025-11-05 10:16:09 - DEBUG - Elevation 3: min_y=127.75, max_y=129.25, height=1.5, points=4
2025-11-05 10:16:09 - DEBUG - Elevation 4: min_y=129.25, max_y=130.75, height=1.5, points=4
2025-11-05 10:16:09 - DEBUG - Elevation 5: min_y=1.5, max_y=127.75, height=126.25, points=4
2025-11-05 10:16:09 - DEBUG - Elevation 6: min_y=1.5, max_y=127.75, height=126.25, points=4
2025-11-05 10:16:09 - DEBUG - Elevation 7: min_y=1.5, max_y=127.75, height=126.25, points=4
2025-11-05 10:16:09 - DEBUG - Elevation 8: min_y=1.5, max_y=127.75, height=126.25, points=4
2025-11-05 10:16:09 - DEBUG - Calculated squaring for panel 52b39d56-c7ea-47d4-bcdd-a04a0087f59e: 194.991 inches -> 16'-3"
2025-11-05 10:16:09 - DEBUG - Panel 52b39d56-c7ea-47d4-bcdd-a04a0087f59e has 26 elevation views
2025-11-05 10:16:09 - DEBUG - Elevation 0: min_y=0.0, max_y=0.0, height=0.0, points=4
2025-11-05 10:16:09 - DEBUG - Elevation 1: min_y=0.0, max_y=1.5, height=1.5, points=4
2025-11-05 10:16:09 - DEBUG - Elevation 2: min_y=127.75, max_y=129.25, height=1.5, points=4
2025-11-05 10:16:09 - DEBUG - Elevation 3: min_y=129.25, max_y=130.75, height=1.5, points=4
2025-11-05 10:16:09 - DEBUG - Elevation 4: min_y=1.5, max_y=127.75, height=126.25, points=4
2025-11-05 10:16:09 - DEBUG - Elevation 5: min_y=1.5, max_y=127.75, height=126.25, points=4
2025-11-05 10:16:09 - DEBUG - Elevation 6: min_y=1.5, max_y=127.75, height=126.25, points=4
2025-11-05 10:16:09 - DEBUG - Elevation 7: min_y=1.5, max_y=127.75, height=126.25, points=4
2025-11-05 10:16:09 - DEBUG - Elevation 8: min_y=1.5, max_y=127.75, height=126.25, points=4
2025-11-05 10:16:09 - DEBUG - Elevation 9: min_y=1.5, max_y=127.75, height=126.25, points=4
2025-11-05 10:16:09 - DEBUG - Elevation 10: min_y=1.5, max_y=127.75, height=126.25, points=4
2025-11-05 10:16:09 - DEBUG - Elevation 11: min_y=1.5, max_y=127.75, height=126.25, points=4
2025-11-05 10:16:09 - DEBUG - Elevation 12: min_y=1.5, max_y=127.75, height=126.25, points=4
2025-11-05 10:16:09 - DEBUG - Elevation 13: min_y=1.5, max_y=127.75, height=126.25, points=4
2025-11-05 10:16:09 - DEBUG - Elevation 14: min_y=1.5, max_y=127.75, height=126.25, points=4
2025-11-05 10:16:09 - DEBUG - Elevation 15: min_y=0.0, max_y=81.0, height=81.0, points=4
2025-11-05 10:16:09 - DEBUG - Elevation 16: min_y=81.0, max_y=82.5, height=1.5, points=4
2025-11-05 10:16:09 - DEBUG - Elevation 17: min_y=82.5, max_y=84.0, height=1.5, points=4
2025-11-05 10:16:09 - DEBUG - Elevation 18: min_y=84.0, max_y=127.75, height=43.75, points=4
2025-11-05 10:16:09 - DEBUG - Elevation 19: min_y=84.0, max_y=127.75, height=43.75, points=4
2025-11-05 10:16:09 - DEBUG - Elevation 20: min_y=84.0, max_y=127.75, height=43.75, points=4
2025-11-05 10:16:09 - DEBUG - Elevation 21: min_y=1.5, max_y=127.75, height=126.25, points=4
2025-11-05 10:16:09 - DEBUG - Elevation 22: min_y=1.5, max_y=127.75, height=126.25, points=4
2025-11-05 10:16:09 - DEBUG - Elevation 23: min_y=1.5, max_y=127.75, height=126.25, points=4
2025-11-05 10:16:09 - DEBUG - Elevation 24: min_y=1.5, max_y=127.75, height=126.25, points=4
2025-11-05 10:16:09 - DEBUG - Elevation 25: min_y=1.5, max_y=127.75, height=126.25, points=4
2025-11-05 10:16:09 - DEBUG - Calculated squaring for panel 45d85f40-02c6-4066-8a8d-6d466db1fe21: 146.046 inches -> 12'-2"
2025-11-05 10:16:09 - DEBUG - Panel 45d85f40-02c6-4066-8a8d-6d466db1fe21 has 17 elevation views
2025-11-05 10:16:09 - DEBUG - Elevation 0: min_y=0.0, max_y=1.5, height=1.5, points=4
2025-11-05 10:16:09 - DEBUG - Elevation 1: min_y=127.75, max_y=129.25, height=1.5, points=4
2025-11-05 10:16:09 - DEBUG - Elevation 2: min_y=129.25, max_y=130.75, height=1.5, points=4
2025-11-05 10:16:09 - DEBUG - Elevation 3: min_y=1.5, max_y=127.75, height=126.25, points=4
2025-11-05 10:16:09 - DEBUG - Elevation 4: min_y=1.5, max_y=127.75, height=126.25, points=4
2025-11-05 10:16:09 - DEBUG - Elevation 5: min_y=1.5, max_y=127.75, height=126.25, points=4
2025-11-05 10:16:09 - DEBUG - Elevation 6: min_y=1.5, max_y=127.75, height=126.25, points=4
2025-11-05 10:16:09 - DEBUG - Elevation 7: min_y=1.5, max_y=127.75, height=126.25, points=4
2025-11-05 10:16:09 - DEBUG - Elevation 8: min_y=25.5, max_y=29.0, height=3.5, points=4
2025-11-05 10:16:09 - DEBUG - Elevation 9: min_y=49.5, max_y=53.0, height=3.5, points=4
2025-11-05 10:16:09 - DEBUG - Elevation 10: min_y=73.5, max_y=77.0, height=3.5, points=4
2025-11-05 10:16:09 - DEBUG - Elevation 11: min_y=97.5, max_y=101.0, height=3.5, points=4
2025-11-05 10:16:09 - DEBUG - Elevation 12: min_y=121.5, max_y=125.0, height=3.5, points=4
2025-11-05 10:16:09 - DEBUG - Elevation 13: min_y=1.5, max_y=127.75, height=126.25, points=4
2025-11-05 10:16:09 - DEBUG - Elevation 14: min_y=1.5, max_y=127.75, height=126.25, points=4
2025-11-05 10:16:09 - DEBUG - Elevation 15: min_y=0.0, max_y=130.75, height=130.75, points=4
2025-11-05 10:16:09 - DEBUG - Elevation 16: min_y=1.5, max_y=127.75, height=126.25, points=4
2025-11-05 10:16:09 - DEBUG - Calculated squaring for panel 93517a1c-225d-4719-b87b-a0e16b5dacc9: 131.369 inches -> 10'-11-3/8"
2025-11-05 10:16:09 - DEBUG - Panel 93517a1c-225d-4719-b87b-a0e16b5dacc9 has 11 elevation views
2025-11-05 10:16:09 - DEBUG - Elevation 0: min_y=0.0, max_y=0.0, height=0.0, points=4
2025-11-05 10:16:09 - DEBUG - Elevation 1: min_y=0.0, max_y=0.0, height=0.0, points=4
2025-11-05 10:16:09 - DEBUG - Elevation 2: min_y=0.0, max_y=1.5, height=1.5, points=4
2025-11-05 10:16:09 - DEBUG - Elevation 3: min_y=127.75, max_y=129.25, height=1.5, points=4
2025-11-05 10:16:09 - DEBUG - Elevation 4: min_y=129.25, max_y=130.75, height=1.5, points=4
2025-11-05 10:16:09 - DEBUG - Elevation 5: min_y=1.5, max_y=127.75, height=126.25, points=4
2025-11-05 10:16:09 - DEBUG - Elevation 6: min_y=1.5, max_y=127.75, height=126.25, points=4
2025-11-05 10:16:09 - DEBUG - Elevation 7: min_y=1.5, max_y=127.75, height=126.25, points=4
2025-11-05 10:16:09 - DEBUG - Elevation 8: min_y=1.5, max_y=127.75, height=126.25, points=4
2025-11-05 10:16:09 - DEBUG - Elevation 9: min_y=1.5, max_y=127.75, height=126.25, points=4
2025-11-05 10:16:09 - DEBUG - Elevation 10: min_y=1.5, max_y=127.75, height=126.25, points=4
2025-11-05 10:16:09 - DEBUG - Calculated squaring for panel 2b91d4b4-c856-4d69-a291-58a735fcbe55: 141.107 inches -> 11'-9-1/8"
2025-11-05 10:16:09 - DEBUG - Panel 2b91d4b4-c856-4d69-a291-58a735fcbe55 has 18 elevation views
2025-11-05 10:16:09 - DEBUG - Elevation 0: min_y=0.0, max_y=1.5, height=1.5, points=4
2025-11-05 10:16:09 - DEBUG - Elevation 1: min_y=125.5, max_y=127.0, height=1.5, points=4
2025-11-05 10:16:09 - DEBUG - Elevation 2: min_y=127.0, max_y=128.5, height=1.5, points=4
2025-11-05 10:16:09 - DEBUG - Elevation 3: min_y=1.5, max_y=125.5, height=124.0, points=4
2025-11-05 10:16:09 - DEBUG - Elevation 4: min_y=0.0, max_y=128.5, height=128.5, points=4
2025-11-05 10:16:09 - DEBUG - Elevation 5: min_y=1.5, max_y=125.5, height=124.0, points=4
2025-11-05 10:16:09 - DEBUG - Elevation 6: min_y=1.5, max_y=125.5, height=124.0, points=4
2025-11-05 10:16:09 - DEBUG - Elevation 7: min_y=0.0, max_y=82.999, height=82.999, points=4
2025-11-05 10:16:09 - DEBUG - Elevation 8: min_y=83.0, max_y=84.5, height=1.5, points=4
2025-11-05 10:16:09 - DEBUG - Elevation 9: min_y=84.5, max_y=125.5, height=41.0, points=4
2025-11-05 10:16:09 - DEBUG - Elevation 10: min_y=84.5, max_y=125.5, height=41.0, points=4
2025-11-05 10:16:09 - DEBUG - Elevation 11: min_y=84.5, max_y=125.5, height=41.0, points=4
2025-11-05 10:16:09 - DEBUG - Elevation 12: min_y=84.5, max_y=125.5, height=41.0, points=4
2025-11-05 10:16:09 - DEBUG - Elevation 13: min_y=84.5, max_y=125.5, height=41.0, points=4
2025-11-05 10:16:09 - DEBUG - Elevation 14: min_y=1.5, max_y=125.5, height=124.0, points=4
2025-11-05 10:16:09 - DEBUG - Elevation 15: min_y=1.5, max_y=125.5, height=124.0, points=4
2025-11-05 10:16:09 - DEBUG - Elevation 16: min_y=0.0, max_y=128.5, height=128.5, points=4
2025-11-05 10:16:09 - DEBUG - Elevation 17: min_y=1.5, max_y=125.5, height=124.0, points=4
2025-11-05 10:16:09 - DEBUG - Calculated squaring for panel 50fb4764-bc9e-4652-9dbb-698a63f5062e: 134.170 inches -> 11'-2-1/4"
2025-11-05 10:16:09 - DEBUG - Panel 50fb4764-bc9e-4652-9dbb-698a63f5062e has 13 elevation views
2025-11-05 10:16:09 - DEBUG - Elevation 0: min_y=0.0, max_y=130.75, height=130.75, points=4
2025-11-05 10:16:09 - DEBUG - Elevation 1: min_y=0.0, max_y=1.5, height=1.5, points=4
2025-11-05 10:16:09 - DEBUG - Elevation 2: min_y=127.75, max_y=129.25, height=1.5, points=4
2025-11-05 10:16:09 - DEBUG - Elevation 3: min_y=129.25, max_y=130.75, height=1.5, points=4
2025-11-05 10:16:09 - DEBUG - Elevation 4: min_y=1.5, max_y=127.75, height=126.25, points=4
2025-11-05 10:16:09 - DEBUG - Elevation 5: min_y=1.5, max_y=127.75, height=126.25, points=4
2025-11-05 10:16:09 - DEBUG - Elevation 6: min_y=0.0, max_y=82.999, height=82.999, points=4
2025-11-05 10:16:09 - DEBUG - Elevation 7: min_y=83.0, max_y=84.5, height=1.5, points=4
2025-11-05 10:16:09 - DEBUG - Elevation 8: min_y=84.5, max_y=127.75, height=43.25, points=4
2025-11-05 10:16:09 - DEBUG - Elevation 9: min_y=84.5, max_y=127.75, height=43.25, points=4
2025-11-05 10:16:09 - DEBUG - Elevation 10: min_y=84.5, max_y=127.75, height=43.25, points=4
2025-11-05 10:16:09 - DEBUG - Elevation 11: min_y=84.5, max_y=127.75, height=43.25, points=4
2025-11-05 10:16:09 - DEBUG - Elevation 12: min_y=1.5, max_y=127.75, height=126.25, points=4
2025-11-05 10:16:10 - DEBUG - Calculated squaring for panel d95f61d1-fcaf-468c-871e-d1460ffdfb00: 129.563 inches -> 10'-9-1/2"
2025-11-05 10:16:10 - DEBUG - Panel d95f61d1-fcaf-468c-871e-d1460ffdfb00 has 7 elevation views
2025-11-05 10:16:10 - DEBUG - Elevation 0: min_y=0.0, max_y=0.0, height=0.0, points=4
2025-11-05 10:16:10 - DEBUG - Elevation 1: min_y=0.0, max_y=1.5, height=1.5, points=4
2025-11-05 10:16:10 - DEBUG - Elevation 2: min_y=127.75, max_y=129.25, height=1.5, points=4
2025-11-05 10:16:10 - DEBUG - Elevation 3: min_y=129.25, max_y=130.75, height=1.5, points=4
2025-11-05 10:16:10 - DEBUG - Elevation 4: min_y=1.5, max_y=127.75, height=126.25, points=4
2025-11-05 10:16:10 - DEBUG - Elevation 5: min_y=1.5, max_y=127.75, height=126.25, points=4
2025-11-05 10:16:10 - DEBUG - Elevation 6: min_y=1.5, max_y=127.75, height=126.25, points=4
2025-11-05 10:16:10 - DEBUG - Writing expected.log with 13 panels
2025-11-05 10:16:10 - DEBUG - write_expected_and_materials_logs called with 13 panels
2025-11-05 10:16:10 - DEBUG - Finished writing expected.log
2025-11-05 10:16:10 - DEBUG - write_expected_and_materials_logs called with 13 panels
2025-11-05 10:16:14 - DEBUG - DEBUG: create_takeoff_standalone_output called with panel_name=c819fa54-22f0-4709-aae1-53c6251d4ece, material_breakdown='A - BottomPlate - 2x6 SPF PM No.2 - (1) - 10\'-5-1/2"\nB - TopPlate - 2x6 SPF PM No.2 - (1) - 10\'-5-1/'...
2025-11-05 10:19:47 - DEBUG - Detected EHX format: legacy
2025-11-05 10:19:47 - DEBUG - Calculated squaring for panel 7b4c24a5-9ff1-4fa2-895f-8b8fd1ca6041: 209.989 inches -> 17'-6"
2025-11-05 10:19:47 - DEBUG - Panel 7b4c24a5-9ff1-4fa2-895f-8b8fd1ca6041 has 33 elevation views
2025-11-05 10:19:47 - DEBUG - Elevation 0: min_y=0.0, max_y=1.5, height=1.5, points=4
2025-11-05 10:19:47 - DEBUG - Elevation 1: min_y=1.5, max_y=3.0, height=1.5, points=4
2025-11-05 10:19:47 - DEBUG - Elevation 2: min_y=3.0, max_y=127.75, height=124.75, points=4
2025-11-05 10:19:47 - DEBUG - Elevation 3: min_y=127.75, max_y=129.25, height=1.5, points=4
2025-11-05 10:19:47 - DEBUG - Elevation 4: min_y=129.25, max_y=130.75, height=1.5, points=4
2025-11-05 10:19:47 - DEBUG - Elevation 5: min_y=3.0, max_y=127.75, height=124.75, points=4
2025-11-05 10:19:47 - DEBUG - Elevation 6: min_y=3.0, max_y=127.75, height=124.75, points=4
2025-11-05 10:19:47 - DEBUG - Elevation 7: min_y=3.0, max_y=127.75, height=124.75, points=4
2025-11-05 10:19:47 - DEBUG - Elevation 8: min_y=3.0, max_y=127.75, height=124.75, points=4
2025-11-05 10:19:47 - DEBUG - Elevation 9: min_y=3.0, max_y=127.75, height=124.75, points=4
2025-11-05 10:19:47 - DEBUG - Elevation 10: min_y=3.0, max_y=127.75, height=124.75, points=4
2025-11-05 10:19:47 - DEBUG - Elevation 11: min_y=3.0, max_y=127.75, height=124.75, points=4
2025-11-05 10:19:47 - DEBUG - Elevation 12: min_y=3.0, max_y=127.75, height=124.75, points=4
2025-11-05 10:19:47 - DEBUG - Elevation 13: min_y=3.0, max_y=127.75, height=124.75, points=4
2025-11-05 10:19:47 - DEBUG - Elevation 14: min_y=1.5, max_y=97.5, height=96.0, points=4
2025-11-05 10:19:47 - DEBUG - Elevation 15: min_y=97.5, max_y=129.625, height=32.125, points=4
2025-11-05 10:19:47 - DEBUG - Elevation 16: min_y=1.5, max_y=97.5, height=96.0, points=4
2025-11-05 10:19:47 - DEBUG - Elevation 17: min_y=1.5, max_y=97.5, height=96.0, points=4
2025-11-05 10:19:47 - DEBUG - Elevation 18: min_y=97.5, max_y=129.625, height=32.125, points=4
2025-11-05 10:19:47 - DEBUG - Elevation 19: min_y=1.5, max_y=97.5, height=96.0, points=4
2025-11-05 10:19:47 - DEBUG - Elevation 20: min_y=3.0, max_y=127.75, height=124.75, points=4
2025-11-05 10:19:47 - DEBUG - Elevation 21: min_y=3.0, max_y=127.75, height=124.75, points=4
2025-11-05 10:19:47 - DEBUG - Elevation 22: min_y=3.0, max_y=127.75, height=124.75, points=4
2025-11-05 10:19:47 - DEBUG - Elevation 23: min_y=3.0, max_y=127.75, height=124.75, points=4
2025-11-05 10:19:47 - DEBUG - Elevation 24: min_y=3.0, max_y=127.75, height=124.75, points=4
2025-11-05 10:19:47 - DEBUG - Elevation 25: min_y=3.0, max_y=127.75, height=124.75, points=4
2025-11-05 10:19:47 - DEBUG - Elevation 26: min_y=3.0, max_y=127.75, height=124.75, points=4
2025-11-05 10:19:47 - DEBUG - Elevation 27: min_y=3.0, max_y=127.75, height=124.75, points=4
2025-11-05 10:19:47 - DEBUG - Elevation 28: min_y=3.0, max_y=127.75, height=124.75, points=4
2025-11-05 10:19:47 - DEBUG - Elevation 29: min_y=3.0, max_y=127.75, height=124.75, points=4
2025-11-05 10:19:47 - DEBUG - Elevation 30: min_y=3.0, max_y=127.75, height=124.75, points=4
2025-11-05 10:19:47 - DEBUG - Elevation 31: min_y=3.0, max_y=127.75, height=124.75, points=4
2025-11-05 10:19:47 - DEBUG - Elevation 32: min_y=3.0, max_y=127.75, height=124.75, points=4
2025-11-05 10:19:47 - DEBUG - Calculated squaring for panel c819fa54-22f0-4709-aae1-53c6251d4ece: 180.853 inches -> 15'-7/8"
2025-11-05 10:19:47 - DEBUG - Panel c819fa54-22f0-4709-aae1-53c6251d4ece has 25 elevation views
2025-11-05 10:19:47 - DEBUG - Elevation 0: min_y=0.0, max_y=0.0, height=0.0, points=4
2025-11-05 10:19:47 - DEBUG - Elevation 1: min_y=0.0, max_y=1.5, height=1.5, points=4
2025-11-05 10:19:47 - DEBUG - Elevation 2: min_y=1.5, max_y=3.0, height=1.5, points=4
2025-11-05 10:19:47 - DEBUG - Elevation 3: min_y=3.0, max_y=127.75, height=124.75, points=4
2025-11-05 10:19:47 - DEBUG - Elevation 4: min_y=127.75, max_y=129.25, height=1.5, points=4
2025-11-05 10:19:47 - DEBUG - Elevation 5: min_y=3.0, max_y=127.75, height=124.75, points=4
2025-11-05 10:19:47 - DEBUG - Elevation 6: min_y=3.0, max_y=127.75, height=124.75, points=4
2025-11-05 10:19:47 - DEBUG - Elevation 7: min_y=129.25, max_y=130.75, height=1.5, points=4
2025-11-05 10:19:47 - DEBUG - Elevation 8: min_y=3.0, max_y=127.75, height=124.75, points=4
2025-11-05 10:19:47 - DEBUG - Elevation 9: min_y=3.0, max_y=127.75, height=124.75, points=4
2025-11-05 10:19:47 - DEBUG - Elevation 10: min_y=3.0, max_y=127.75, height=124.75, points=4
2025-11-05 10:19:47 - DEBUG - Elevation 11: min_y=3.0, max_y=127.75, height=124.75, points=4
2025-11-05 10:19:47 - DEBUG - Elevation 12: min_y=3.0, max_y=127.75, height=124.75, points=4
2025-11-05 10:19:47 - DEBUG - Elevation 13: min_y=3.0, max_y=127.75, height=124.75, points=4
2025-11-05 10:19:47 - DEBUG - Elevation 14: min_y=0.0, max_y=130.75, height=130.75, points=4
2025-11-05 10:19:47 - DEBUG - Elevation 15: min_y=3.0, max_y=127.75, height=124.75, points=4
2025-11-05 10:19:47 - DEBUG - Elevation 16: min_y=3.0, max_y=127.75, height=124.75, points=4
2025-11-05 10:19:47 - DEBUG - Elevation 17: min_y=3.0, max_y=127.75, height=124.75, points=4
2025-11-05 10:19:47 - DEBUG - Elevation 18: min_y=3.0, max_y=127.75, height=124.75, points=4
2025-11-05 10:19:47 - DEBUG - Elevation 19: min_y=3.0, max_y=127.75, height=124.75, points=4
2025-11-05 10:19:47 - DEBUG - Elevation 20: min_y=3.0, max_y=127.75, height=124.75, points=4
2025-11-05 10:19:47 - DEBUG - Elevation 21: min_y=3.0, max_y=127.75, height=124.75, points=4
2025-11-05 10:19:47 - DEBUG - Elevation 22: min_y=3.0, max_y=127.75, height=124.75, points=4
2025-11-05 10:19:47 - DEBUG - Elevation 23: min_y=3.0, max_y=127.75, height=124.75, points=4
2025-11-05 10:19:47 - DEBUG - Elevation 24: min_y=129.25, max_y=130.75, height=1.5, points=4
2025-11-05 10:19:47 - DEBUG - Calculated squaring for panel 9ab56269-1b3c-41f3-b907-87259580ea35: 148.185 inches -> 12'-4-1/4"
2025-11-05 10:19:47 - DEBUG - Panel 9ab56269-1b3c-41f3-b907-87259580ea35 has 17 elevation views
2025-11-05 10:19:47 - DEBUG - Elevation 0: min_y=0.0, max_y=1.5, height=1.5, points=4
2025-11-05 10:19:47 - DEBUG - Elevation 1: min_y=1.5, max_y=3.0, height=1.5, points=4
2025-11-05 10:19:47 - DEBUG - Elevation 2: min_y=3.0, max_y=102.125, height=99.125, points=4
2025-11-05 10:19:47 - DEBUG - Elevation 3: min_y=102.125, max_y=103.625, height=1.5, points=4
2025-11-05 10:19:47 - DEBUG - Elevation 4: min_y=3.0, max_y=102.125, height=99.125, points=4
2025-11-05 10:19:47 - DEBUG - Elevation 5: min_y=3.0, max_y=102.125, height=99.125, points=4
2025-11-05 10:19:47 - DEBUG - Elevation 6: min_y=3.0, max_y=102.125, height=99.125, points=4
2025-11-05 10:19:47 - DEBUG - Elevation 7: min_y=3.0, max_y=102.125, height=99.125, points=4
2025-11-05 10:19:47 - DEBUG - Elevation 8: min_y=3.0, max_y=102.125, height=99.125, points=4
2025-11-05 10:19:47 - DEBUG - Elevation 9: min_y=3.0, max_y=102.125, height=99.125, points=4
2025-11-05 10:19:47 - DEBUG - Elevation 10: min_y=3.0, max_y=102.125, height=99.125, points=4
2025-11-05 10:19:47 - DEBUG - Elevation 11: min_y=3.0, max_y=102.125, height=99.125, points=4
2025-11-05 10:19:47 - DEBUG - Elevation 12: min_y=1.5, max_y=97.5, height=96.0, points=4
2025-11-05 10:19:47 - DEBUG - Elevation 13: min_y=97.5, max_y=102.5, height=5.0, points=4
2025-11-05 10:19:47 - DEBUG - Elevation 14: min_y=97.5, max_y=102.5, height=5.0, points=4
2025-11-05 10:19:47 - DEBUG - Elevation 15: min_y=1.5, max_y=97.5, height=96.0, points=4
2025-11-05 10:19:47 - DEBUG - Elevation 16: min_y=1.5, max_y=97.5, height=96.0, points=4
2025-11-05 10:19:47 - DEBUG - Calculated squaring for panel fdb97140-8844-47c3-b0de-efa42045f82e: 166.939 inches -> 13'-11"
2025-11-05 10:19:47 - DEBUG - Panel fdb97140-8844-47c3-b0de-efa42045f82e has 36 elevation views
2025-11-05 10:19:47 - DEBUG - Elevation 0: min_y=-3.0, max_y=-1.5, height=1.5, points=4
2025-11-05 10:19:47 - DEBUG - Elevation 1: min_y=-1.5, max_y=0.0, height=1.5, points=4
2025-11-05 10:19:47 - DEBUG - Elevation 2: min_y=127.75, max_y=129.25, height=1.5, points=4
2025-11-05 10:19:47 - DEBUG - Elevation 3: min_y=129.25, max_y=130.75, height=1.5, points=4
2025-11-05 10:19:47 - DEBUG - Elevation 4: min_y=0.0, max_y=127.75, height=127.75, points=4
2025-11-05 10:19:47 - DEBUG - Elevation 5: min_y=0.0, max_y=127.75, height=127.75, points=4
2025-11-05 10:19:47 - DEBUG - Elevation 6: min_y=0.0, max_y=127.75, height=127.75, points=4
2025-11-05 10:19:47 - DEBUG - Elevation 7: min_y=0.0, max_y=127.75, height=127.75, points=4
2025-11-05 10:19:47 - DEBUG - Elevation 8: min_y=0.0, max_y=41.5, height=41.5, points=4
2025-11-05 10:19:47 - DEBUG - Elevation 9: min_y=41.5, max_y=43.0, height=1.5, points=4
2025-11-05 10:19:47 - DEBUG - Elevation 10: min_y=43.0, max_y=82.0, height=39.0, points=4
2025-11-05 10:19:47 - DEBUG - Elevation 11: min_y=82.0, max_y=83.5, height=1.5, points=4
2025-11-05 10:19:47 - DEBUG - Elevation 12: min_y=83.5, max_y=127.75, height=44.25, points=4
2025-11-05 10:19:47 - DEBUG - Elevation 13: min_y=0.0, max_y=41.5, height=41.5, points=4
2025-11-05 10:19:47 - DEBUG - Elevation 14: min_y=83.5, max_y=127.75, height=44.25, points=4
2025-11-05 10:19:47 - DEBUG - Elevation 15: min_y=0.0, max_y=41.5, height=41.5, points=4
2025-11-05 10:19:47 - DEBUG - Elevation 16: min_y=83.5, max_y=127.75, height=44.25, points=4
2025-11-05 10:19:47 - DEBUG - Elevation 17: min_y=0.0, max_y=41.5, height=41.5, points=4
2025-11-05 10:19:47 - DEBUG - Elevation 18: min_y=83.5, max_y=127.75, height=44.25, points=4
2025-11-05 10:19:47 - DEBUG - Elevation 19: min_y=0.0, max_y=127.75, height=127.75, points=4
2025-11-05 10:19:47 - DEBUG - Elevation 20: min_y=0.0, max_y=127.75, height=127.75, points=4
2025-11-05 10:19:47 - DEBUG - Elevation 21: min_y=0.0, max_y=127.75, height=127.75, points=4
2025-11-05 10:19:47 - DEBUG - Elevation 22: min_y=0.0, max_y=127.75, height=127.75, points=4
2025-11-05 10:19:47 - DEBUG - Elevation 23: min_y=0.0, max_y=41.5, height=41.5, points=4
2025-11-05 10:19:47 - DEBUG - Elevation 24: min_y=41.5, max_y=43.0, height=1.5, points=4
2025-11-05 10:19:47 - DEBUG - Elevation 25: min_y=43.0, max_y=82.0, height=39.0, points=4
2025-11-05 10:19:47 - DEBUG - Elevation 26: min_y=82.0, max_y=83.5, height=1.5, points=4
2025-11-05 10:19:47 - DEBUG - Elevation 27: min_y=83.5, max_y=127.75, height=44.25, points=4
2025-11-05 10:19:47 - DEBUG - Elevation 28: min_y=0.0, max_y=41.5, height=41.5, points=4
2025-11-05 10:19:47 - DEBUG - Elevation 29: min_y=83.5, max_y=127.75, height=44.25, points=4
2025-11-05 10:19:47 - DEBUG - Elevation 30: min_y=0.0, max_y=41.5, height=41.5, points=4
2025-11-05 10:19:47 - DEBUG - Elevation 31: min_y=83.5, max_y=127.75, height=44.25, points=4
2025-11-05 10:19:47 - DEBUG - Elevation 32: min_y=0.0, max_y=41.5, height=41.5, points=4
2025-11-05 10:19:47 - DEBUG - Elevation 33: min_y=83.5, max_y=127.75, height=44.25, points=4
2025-11-05 10:19:47 - DEBUG - Elevation 34: min_y=0.0, max_y=127.75, height=127.75, points=4
2025-11-05 10:19:47 - DEBUG - Elevation 35: min_y=0.0, max_y=127.75, height=127.75, points=4
2025-11-05 10:19:47 - DEBUG - Calculated squaring for panel 04eaf479-ca55-4d70-8a08-088b3b0d968a: 139.506 inches -> 11'-7-1/2"
2025-11-05 10:19:47 - DEBUG - Panel 04eaf479-ca55-4d70-8a08-088b3b0d968a has 26 elevation views
2025-11-05 10:19:47 - DEBUG - Elevation 0: min_y=0.0, max_y=0.0, height=0.0, points=4
2025-11-05 10:19:47 - DEBUG - Elevation 1: min_y=0.0, max_y=1.5, height=1.5, points=4
2025-11-05 10:19:47 - DEBUG - Elevation 2: min_y=1.5, max_y=3.0, height=1.5, points=4
2025-11-05 10:19:47 - DEBUG - Elevation 3: min_y=127.75, max_y=129.25, height=1.5, points=4
2025-11-05 10:19:47 - DEBUG - Elevation 4: min_y=129.25, max_y=130.75, height=1.5, points=4
2025-11-05 10:19:47 - DEBUG - Elevation 5: min_y=3.0, max_y=127.75, height=124.75, points=4
2025-11-05 10:19:47 - DEBUG - Elevation 6: min_y=1.5, max_y=97.5, height=96.0, points=4
2025-11-05 10:19:47 - DEBUG - Elevation 7: min_y=97.5, max_y=129.625, height=32.125, points=4
2025-11-05 10:19:47 - DEBUG - Elevation 8: min_y=82.625, max_y=129.625, height=47.0, points=4
2025-11-05 10:19:47 - DEBUG - Elevation 9: min_y=1.5, max_y=97.5, height=96.0, points=4
2025-11-05 10:19:47 - DEBUG - Elevation 10: min_y=97.5, max_y=129.625, height=32.125, points=4
2025-11-05 10:19:47 - DEBUG - Elevation 11: min_y=3.0, max_y=127.75, height=124.75, points=4
2025-11-05 10:19:47 - DEBUG - Elevation 12: min_y=3.0, max_y=84.125, height=81.125, points=4
2025-11-05 10:19:47 - DEBUG - Elevation 13: min_y=84.125, max_y=91.375, height=7.25, points=4
2025-11-05 10:19:47 - DEBUG - Elevation 14: min_y=84.125, max_y=91.375, height=7.25, points=4
2025-11-05 10:19:47 - DEBUG - Elevation 15: min_y=91.375, max_y=92.875, height=1.5, points=4
2025-11-05 10:19:47 - DEBUG - Elevation 16: min_y=92.875, max_y=127.75, height=34.875, points=4
2025-11-05 10:19:47 - DEBUG - Elevation 17: min_y=0.0, max_y=82.625, height=82.625, points=4
2025-11-05 10:19:47 - DEBUG - Elevation 18: min_y=82.625, max_y=84.125, height=1.5, points=4
2025-11-05 10:19:47 - DEBUG - Elevation 19: min_y=92.875, max_y=127.75, height=34.875, points=4
2025-11-05 10:19:47 - DEBUG - Elevation 20: min_y=92.875, max_y=127.75, height=34.875, points=4
2025-11-05 10:19:47 - DEBUG - Elevation 21: min_y=92.875, max_y=127.75, height=34.875, points=4
2025-11-05 10:19:47 - DEBUG - Elevation 22: min_y=92.875, max_y=127.75, height=34.875, points=4
2025-11-05 10:19:47 - DEBUG - Elevation 23: min_y=3.0, max_y=84.125, height=81.125, points=4
2025-11-05 10:19:47 - DEBUG - Elevation 24: min_y=92.875, max_y=127.75, height=34.875, points=4
2025-11-05 10:19:47 - DEBUG - Elevation 25: min_y=3.0, max_y=127.75, height=124.75, points=4
2025-11-05 10:19:47 - DEBUG - Calculated squaring for panel ab566ea3-4b48-44ec-af8b-38c08e96334c: 130.429 inches -> 10'-10-1/2"
2025-11-05 10:19:47 - DEBUG - Panel ab566ea3-4b48-44ec-af8b-38c08e96334c has 19 elevation views
2025-11-05 10:19:47 - DEBUG - Elevation 0: min_y=0.0, max_y=0.0, height=0.0, points=4
2025-11-05 10:19:47 - DEBUG - Elevation 1: min_y=0.0, max_y=0.0, height=0.0, points=4
2025-11-05 10:19:47 - DEBUG - Elevation 2: min_y=0.0, max_y=0.0, height=0.0, points=4
2025-11-05 10:19:47 - DEBUG - Elevation 3: min_y=0.0, max_y=1.5, height=1.5, points=4
2025-11-05 10:19:47 - DEBUG - Elevation 4: min_y=1.5, max_y=3.0, height=1.5, points=4
2025-11-05 10:19:47 - DEBUG - Elevation 5: min_y=127.75, max_y=129.25, height=1.5, points=4
2025-11-05 10:19:47 - DEBUG - Elevation 6: min_y=129.25, max_y=130.75, height=1.5, points=4
2025-11-05 10:19:47 - DEBUG - Elevation 7: min_y=0.0, max_y=129.25, height=129.25, points=4
2025-11-05 10:19:47 - DEBUG - Elevation 8: min_y=1.5, max_y=97.5, height=96.0, points=4
2025-11-05 10:19:47 - DEBUG - Elevation 9: min_y=97.5, max_y=129.625, height=32.125, points=4
2025-11-05 10:19:47 - DEBUG - Elevation 10: min_y=3.0, max_y=127.75, height=124.75, points=4
2025-11-05 10:19:47 - DEBUG - Elevation 11: min_y=3.0, max_y=127.75, height=124.75, points=4
2025-11-05 10:19:47 - DEBUG - Elevation 12: min_y=3.0, max_y=127.75, height=124.75, points=4
2025-11-05 10:19:47 - DEBUG - Elevation 13: min_y=3.0, max_y=127.75, height=124.75, points=4
2025-11-05 10:19:47 - DEBUG - Elevation 14: min_y=3.0, max_y=127.75, height=124.75, points=4
2025-11-05 10:19:47 - DEBUG - Elevation 15: min_y=3.0, max_y=127.75, height=124.75, points=4
2025-11-05 10:19:47 - DEBUG - Elevation 16: min_y=3.0, max_y=127.75, height=124.75, points=4
2025-11-05 10:19:47 - DEBUG - Elevation 17: min_y=3.0, max_y=127.75, height=124.75, points=4
2025-11-05 10:19:47 - DEBUG - Elevation 18: min_y=3.0, max_y=127.75, height=124.75, points=4
2025-11-05 10:19:47 - DEBUG - Calculated squaring for panel bd01cf75-662c-4e32-8757-8b812f37726b: 130.117 inches -> 10'-10-1/8"
2025-11-05 10:19:47 - DEBUG - Panel bd01cf75-662c-4e32-8757-8b812f37726b has 9 elevation views
2025-11-05 10:19:47 - DEBUG - Elevation 0: min_y=0.0, max_y=0.0, height=0.0, points=4
2025-11-05 10:19:47 - DEBUG - Elevation 1: min_y=0.0, max_y=0.0, height=0.0, points=4
2025-11-05 10:19:47 - DEBUG - Elevation 2: min_y=0.0, max_y=1.5, height=1.5, points=4
2025-11-05 10:19:47 - DEBUG - Elevation 3: min_y=127.75, max_y=129.25, height=1.5, points=4
2025-11-05 10:19:47 - DEBUG - Elevation 4: min_y=129.25, max_y=130.75, height=1.5, points=4
2025-11-05 10:19:47 - DEBUG - Elevation 5: min_y=1.5, max_y=127.75, height=126.25, points=4
2025-11-05 10:19:47 - DEBUG - Elevation 6: min_y=1.5, max_y=127.75, height=126.25, points=4
2025-11-05 10:19:47 - DEBUG - Elevation 7: min_y=1.5, max_y=127.75, height=126.25, points=4
2025-11-05 10:19:47 - DEBUG - Elevation 8: min_y=1.5, max_y=127.75, height=126.25, points=4
2025-11-05 10:19:47 - DEBUG - Calculated squaring for panel 52b39d56-c7ea-47d4-bcdd-a04a0087f59e: 194.991 inches -> 16'-3"
2025-11-05 10:19:47 - DEBUG - Panel 52b39d56-c7ea-47d4-bcdd-a04a0087f59e has 26 elevation views
2025-11-05 10:19:47 - DEBUG - Elevation 0: min_y=0.0, max_y=0.0, height=0.0, points=4
2025-11-05 10:19:47 - DEBUG - Elevation 1: min_y=0.0, max_y=1.5, height=1.5, points=4
2025-11-05 10:19:47 - DEBUG - Elevation 2: min_y=127.75, max_y=129.25, height=1.5, points=4
2025-11-05 10:19:47 - DEBUG - Elevation 3: min_y=129.25, max_y=130.75, height=1.5, points=4
2025-11-05 10:19:47 - DEBUG - Elevation 4: min_y=1.5, max_y=127.75, height=126.25, points=4
2025-11-05 10:19:47 - DEBUG - Elevation 5: min_y=1.5, max_y=127.75, height=126.25, points=4
2025-11-05 10:19:47 - DEBUG - Elevation 6: min_y=1.5, max_y=127.75, height=126.25, points=4
2025-11-05 10:19:47 - DEBUG - Elevation 7: min_y=1.5, max_y=127.75, height=126.25, points=4
2025-11-05 10:19:47 - DEBUG - Elevation 8: min_y=1.5, max_y=127.75, height=126.25, points=4
2025-11-05 10:19:47 - DEBUG - Elevation 9: min_y=1.5, max_y=127.75, height=126.25, points=4
2025-11-05 10:19:47 - DEBUG - Elevation 10: min_y=1.5, max_y=127.75, height=126.25, points=4
2025-11-05 10:19:47 - DEBUG - Elevation 11: min_y=1.5, max_y=127.75, height=126.25, points=4
2025-11-05 10:19:47 - DEBUG - Elevation 12: min_y=1.5, max_y=127.75, height=126.25, points=4
2025-11-05 10:19:47 - DEBUG - Elevation 13: min_y=1.5, max_y=127.75, height=126.25, points=4
2025-11-05 10:19:47 - DEBUG - Elevation 14: min_y=1.5, max_y=127.75, height=126.25, points=4
2025-11-05 10:19:47 - DEBUG - Elevation 15: min_y=0.0, max_y=81.0, height=81.0, points=4
2025-11-05 10:19:47 - DEBUG - Elevation 16: min_y=81.0, max_y=82.5, height=1.5, points=4
2025-11-05 10:19:47 - DEBUG - Elevation 17: min_y=82.5, max_y=84.0, height=1.5, points=4
2025-11-05 10:19:47 - DEBUG - Elevation 18: min_y=84.0, max_y=127.75, height=43.75, points=4
2025-11-05 10:19:47 - DEBUG - Elevation 19: min_y=84.0, max_y=127.75, height=43.75, points=4
2025-11-05 10:19:47 - DEBUG - Elevation 20: min_y=84.0, max_y=127.75, height=43.75, points=4
2025-11-05 10:19:47 - DEBUG - Elevation 21: min_y=1.5, max_y=127.75, height=126.25, points=4
2025-11-05 10:19:47 - DEBUG - Elevation 22: min_y=1.5, max_y=127.75, height=126.25, points=4
2025-11-05 10:19:47 - DEBUG - Elevation 23: min_y=1.5, max_y=127.75, height=126.25, points=4
2025-11-05 10:19:47 - DEBUG - Elevation 24: min_y=1.5, max_y=127.75, height=126.25, points=4
2025-11-05 10:19:47 - DEBUG - Elevation 25: min_y=1.5, max_y=127.75, height=126.25, points=4
2025-11-05 10:19:47 - DEBUG - Calculated squaring for panel 45d85f40-02c6-4066-8a8d-6d466db1fe21: 146.046 inches -> 12'-2"
2025-11-05 10:19:47 - DEBUG - Panel 45d85f40-02c6-4066-8a8d-6d466db1fe21 has 17 elevation views
2025-11-05 10:19:47 - DEBUG - Elevation 0: min_y=0.0, max_y=1.5, height=1.5, points=4
2025-11-05 10:19:47 - DEBUG - Elevation 1: min_y=127.75, max_y=129.25, height=1.5, points=4
2025-11-05 10:19:47 - DEBUG - Elevation 2: min_y=129.25, max_y=130.75, height=1.5, points=4
2025-11-05 10:19:47 - DEBUG - Elevation 3: min_y=1.5, max_y=127.75, height=126.25, points=4
2025-11-05 10:19:47 - DEBUG - Elevation 4: min_y=1.5, max_y=127.75, height=126.25, points=4
2025-11-05 10:19:47 - DEBUG - Elevation 5: min_y=1.5, max_y=127.75, height=126.25, points=4
2025-11-05 10:19:47 - DEBUG - Elevation 6: min_y=1.5, max_y=127.75, height=126.25, points=4
2025-11-05 10:19:47 - DEBUG - Elevation 7: min_y=1.5, max_y=127.75, height=126.25, points=4
2025-11-05 10:19:47 - DEBUG - Elevation 8: min_y=25.5, max_y=29.0, height=3.5, points=4
2025-11-05 10:19:47 - DEBUG - Elevation 9: min_y=49.5, max_y=53.0, height=3.5, points=4
2025-11-05 10:19:47 - DEBUG - Elevation 10: min_y=73.5, max_y=77.0, height=3.5, points=4
2025-11-05 10:19:47 - DEBUG - Elevation 11: min_y=97.5, max_y=101.0, height=3.5, points=4
2025-11-05 10:19:47 - DEBUG - Elevation 12: min_y=121.5, max_y=125.0, height=3.5, points=4
2025-11-05 10:19:47 - DEBUG - Elevation 13: min_y=1.5, max_y=127.75, height=126.25, points=4
2025-11-05 10:19:47 - DEBUG - Elevation 14: min_y=1.5, max_y=127.75, height=126.25, points=4
2025-11-05 10:19:47 - DEBUG - Elevation 15: min_y=0.0, max_y=130.75, height=130.75, points=4
2025-11-05 10:19:47 - DEBUG - Elevation 16: min_y=1.5, max_y=127.75, height=126.25, points=4
2025-11-05 10:19:47 - DEBUG - Calculated squaring for panel 93517a1c-225d-4719-b87b-a0e16b5dacc9: 131.369 inches -> 10'-11-3/8"
2025-11-05 10:19:47 - DEBUG - Panel 93517a1c-225d-4719-b87b-a0e16b5dacc9 has 11 elevation views
2025-11-05 10:19:47 - DEBUG - Elevation 0: min_y=0.0, max_y=0.0, height=0.0, points=4
2025-11-05 10:19:47 - DEBUG - Elevation 1: min_y=0.0, max_y=0.0, height=0.0, points=4
2025-11-05 10:19:47 - DEBUG - Elevation 2: min_y=0.0, max_y=1.5, height=1.5, points=4
2025-11-05 10:19:47 - DEBUG - Elevation 3: min_y=127.75, max_y=129.25, height=1.5, points=4
2025-11-05 10:19:47 - DEBUG - Elevation 4: min_y=129.25, max_y=130.75, height=1.5, points=4
2025-11-05 10:19:47 - DEBUG - Elevation 5: min_y=1.5, max_y=127.75, height=126.25, points=4
2025-11-05 10:19:47 - DEBUG - Elevation 6: min_y=1.5, max_y=127.75, height=126.25, points=4
2025-11-05 10:19:47 - DEBUG - Elevation 7: min_y=1.5, max_y=127.75, height=126.25, points=4
2025-11-05 10:19:47 - DEBUG - Elevation 8: min_y=1.5, max_y=127.75, height=126.25, points=4
2025-11-05 10:19:47 - DEBUG - Elevation 9: min_y=1.5, max_y=127.75, height=126.25, points=4
2025-11-05 10:19:47 - DEBUG - Elevation 10: min_y=1.5, max_y=127.75, height=126.25, points=4
2025-11-05 10:19:48 - DEBUG - Calculated squaring for panel 2b91d4b4-c856-4d69-a291-58a735fcbe55: 141.107 inches -> 11'-9-1/8"
2025-11-05 10:19:48 - DEBUG - Panel 2b91d4b4-c856-4d69-a291-58a735fcbe55 has 18 elevation views
2025-11-05 10:19:48 - DEBUG - Elevation 0: min_y=0.0, max_y=1.5, height=1.5, points=4
2025-11-05 10:19:48 - DEBUG - Elevation 1: min_y=125.5, max_y=127.0, height=1.5, points=4
2025-11-05 10:19:48 - DEBUG - Elevation 2: min_y=127.0, max_y=128.5, height=1.5, points=4
2025-11-05 10:19:48 - DEBUG - Elevation 3: min_y=1.5, max_y=125.5, height=124.0, points=4
2025-11-05 10:19:48 - DEBUG - Elevation 4: min_y=0.0, max_y=128.5, height=128.5, points=4
2025-11-05 10:19:48 - DEBUG - Elevation 5: min_y=1.5, max_y=125.5, height=124.0, points=4
2025-11-05 10:19:48 - DEBUG - Elevation 6: min_y=1.5, max_y=125.5, height=124.0, points=4
2025-11-05 10:19:48 - DEBUG - Elevation 7: min_y=0.0, max_y=82.999, height=82.999, points=4
2025-11-05 10:19:48 - DEBUG - Elevation 8: min_y=83.0, max_y=84.5, height=1.5, points=4
2025-11-05 10:19:48 - DEBUG - Elevation 9: min_y=84.5, max_y=125.5, height=41.0, points=4
2025-11-05 10:19:48 - DEBUG - Elevation 10: min_y=84.5, max_y=125.5, height=41.0, points=4
2025-11-05 10:19:48 - DEBUG - Elevation 11: min_y=84.5, max_y=125.5, height=41.0, points=4
2025-11-05 10:19:48 - DEBUG - Elevation 12: min_y=84.5, max_y=125.5, height=41.0, points=4
2025-11-05 10:19:48 - DEBUG - Elevation 13: min_y=84.5, max_y=125.5, height=41.0, points=4
2025-11-05 10:19:48 - DEBUG - Elevation 14: min_y=1.5, max_y=125.5, height=124.0, points=4
2025-11-05 10:19:48 - DEBUG - Elevation 15: min_y=1.5, max_y=125.5, height=124.0, points=4
2025-11-05 10:19:48 - DEBUG - Elevation 16: min_y=0.0, max_y=128.5, height=128.5, points=4
2025-11-05 10:19:48 - DEBUG - Elevation 17: min_y=1.5, max_y=125.5, height=124.0, points=4
2025-11-05 10:19:48 - DEBUG - Calculated squaring for panel 50fb4764-bc9e-4652-9dbb-698a63f5062e: 134.170 inches -> 11'-2-1/4"
2025-11-05 10:19:48 - DEBUG - Panel 50fb4764-bc9e-4652-9dbb-698a63f5062e has 13 elevation views
2025-11-05 10:19:48 - DEBUG - Elevation 0: min_y=0.0, max_y=130.75, height=130.75, points=4
2025-11-05 10:19:48 - DEBUG - Elevation 1: min_y=0.0, max_y=1.5, height=1.5, points=4
2025-11-05 10:19:48 - DEBUG - Elevation 2: min_y=127.75, max_y=129.25, height=1.5, points=4
2025-11-05 10:19:48 - DEBUG - Elevation 3: min_y=129.25, max_y=130.75, height=1.5, points=4
2025-11-05 10:19:48 - DEBUG - Elevation 4: min_y=1.5, max_y=127.75, height=126.25, points=4
2025-11-05 10:19:48 - DEBUG - Elevation 5: min_y=1.5, max_y=127.75, height=126.25, points=4
2025-11-05 10:19:48 - DEBUG - Elevation 6: min_y=0.0, max_y=82.999, height=82.999, points=4
2025-11-05 10:19:48 - DEBUG - Elevation 7: min_y=83.0, max_y=84.5, height=1.5, points=4
2025-11-05 10:19:48 - DEBUG - Elevation 8: min_y=84.5, max_y=127.75, height=43.25, points=4
2025-11-05 10:19:48 - DEBUG - Elevation 9: min_y=84.5, max_y=127.75, height=43.25, points=4
2025-11-05 10:19:48 - DEBUG - Elevation 10: min_y=84.5, max_y=127.75, height=43.25, points=4
2025-11-05 10:19:48 - DEBUG - Elevation 11: min_y=84.5, max_y=127.75, height=43.25, points=4
2025-11-05 10:19:48 - DEBUG - Elevation 12: min_y=1.5, max_y=127.75, height=126.25, points=4
2025-11-05 10:19:48 - DEBUG - Calculated squaring for panel d95f61d1-fcaf-468c-871e-d1460ffdfb00: 129.563 inches -> 10'-9-1/2"
2025-11-05 10:19:48 - DEBUG - Panel d95f61d1-fcaf-468c-871e-d1460ffdfb00 has 7 elevation views
2025-11-05 10:19:48 - DEBUG - Elevation 0: min_y=0.0, max_y=0.0, height=0.0, points=4
2025-11-05 10:19:48 - DEBUG - Elevation 1: min_y=0.0, max_y=1.5, height=1.5, points=4
2025-11-05 10:19:48 - DEBUG - Elevation 2: min_y=127.75, max_y=129.25, height=1.5, points=4
2025-11-05 10:19:48 - DEBUG - Elevation 3: min_y=129.25, max_y=130.75, height=1.5, points=4
2025-11-05 10:19:48 - DEBUG - Elevation 4: min_y=1.5, max_y=127.75, height=126.25, points=4
2025-11-05 10:19:48 - DEBUG - Elevation 5: min_y=1.5, max_y=127.75, height=126.25, points=4
2025-11-05 10:19:48 - DEBUG - Elevation 6: min_y=1.5, max_y=127.75, height=126.25, points=4
2025-11-05 10:19:48 - DEBUG - Writing expected.log with 13 panels
2025-11-05 10:19:48 - DEBUG - write_expected_and_materials_logs called with 13 panels
2025-11-05 10:19:48 - DEBUG - Finished writing expected.log
2025-11-05 10:19:48 - DEBUG - write_expected_and_materials_logs called with 13 panels
2025-11-05 10:20:11 - DEBUG - DEBUG: create_takeoff_standalone_output called with panel_name=7b4c24a5-9ff1-4fa2-895f-8b8fd1ca6041, material_breakdown='A - BottomPlate - 2x6 SPF PM No.2 - (1) - 13\'-9-1/2"\nB - TopPlate - 2x6 SPF PM No.2 - (1) - 13\'-9-1/'...
2025-11-05 10:21:09 - DEBUG - DEBUG: export_current_panel called
2025-11-05 10:21:09 - DEBUG - DEBUG: selected_panel name = 7b4c24a5-9ff1-4fa2-895f-8b8fd1ca6041
